省份,日期,住院人数
上海,2020/1/20,1
上海,2020/1/21,1
上海,2020/1/22,1
上海,2020/1/23,1
上海,2020/1/24,0
上海,2020/1/25,1
上海,2020/1/26,0
上海,2020/1/27,62
上海,2020/1/28,75
上海,2020/1/29,94
上海,2020/1/30,121
上海,2020/1/31,146
上海,2020/2/1,170
上海,2020/2/10,252
上海,2020/2/11,253
上海,2020/2/12,256
上海,2020/2/13,256
上海,2020/2/14,236
上海,2020/2/15,204
上海,2020/2/16,191
上海,2020/2/17,172
上海,2020/2/18,156
上海,2020/2/19,147
上海,2020/2/2,186
上海,2020/2/20,135
上海,2020/2/21,123
上海,2020/2/22,108
上海,2020/2/23,86
上海,2020/2/24,74
上海,2020/2/25,68
上海,2020/2/26,65
上海,2020/2/27,61
上海,2020/2/28,58
上海,2020/2/29,50
上海,2020/2/3,201
上海,2020/2/4,226
上海,2020/2/5,237
上海,2020/2/6,242
上海,2020/2/7,249
上海,2020/2/8,249
上海,2020/2/9,249
上海,2020/3/1,47
上海,2020/3/10,25
上海,2020/3/11,24
上海,2020/3/12,25
上海,2020/3/13,26
上海,2020/3/14,29
上海,2020/3/15,31
上海,2020/3/16,34
上海,2020/3/17,37
上海,2020/3/18,38
上海,2020/3/19,46
上海,2020/3/2,46
上海,2020/3/20,55
上海,2020/3/21,69
上海,2020/3/22,79
上海,2020/3/23,88
上海,2020/3/24,106
上海,2020/3/25,124
上海,2020/3/26,140
上海,2020/3/27,154
上海,2020/3/28,161
上海,2020/3/29,167
上海,2020/3/3,44
上海,2020/3/30,174
上海,2020/3/31,178
上海,2020/3/4,40
上海,2020/3/5,36
上海,2020/3/6,36
上海,2020/3/7,29
上海,2020/3/8,28
上海,2020/3/9,27
上海,2020/4/1,182
上海,2020/4/10,124
上海,2020/4/11,173
上海,2020/4/12,176
上海,2020/4/13,164
上海,2020/4/14,158
上海,2020/4/15,149
上海,2020/4/16,145
上海,2020/4/17,123
上海,2020/4/18,126
上海,2020/4/19,124
上海,2020/4/2,186
上海,2020/4/20,115
上海,2020/4/21,116
上海,2020/4/22,115
上海,2020/4/23,115
上海,2020/4/24,101
上海,2020/4/25,91
上海,2020/4/26,81
上海,2020/4/27,70
上海,2020/4/28,68
上海,2020/4/29,57
上海,2020/4/3,184
上海,2020/4/30,60
上海,2020/4/4,178
上海,2020/4/5,157
上海,2020/4/6,153
上海,2020/4/7,141
上海,2020/4/8,139
上海,2020/4/9,137
上海,2020/5/1,47
上海,2020/5/10,40
上海,2020/5/11,40
上海,2020/5/12,37
上海,2020/5/13,35
上海,2020/5/14,30
上海,2020/5/15,33
上海,2020/5/16,32
上海,2020/5/17,33
上海,2020/5/18,33
上海,2020/5/19,32
上海,2020/5/2,48
上海,2020/5/20,30
上海,2020/5/21,29
上海,2020/5/22,28
上海,2020/5/23,29
上海,2020/5/24,28
上海,2020/5/25,25
上海,2020/5/26,25
上海,2020/5/27,24
上海,2020/5/28,24
上海,2020/5/29,23
上海,2020/5/3,48
上海,2020/5/30,23
上海,2020/5/31,23
上海,2020/5/4,45
上海,2020/5/5,44
上海,2020/5/6,45
上海,2020/5/7,42
上海,2020/5/8,42
上海,2020/5/9,41
上海,2020/6/1,21
上海,2020/6/10,27
上海,2020/6/11,31
上海,2020/6/12,32
上海,2020/6/13,33
上海,2020/6/14,33
上海,2020/6/15,36
上海,2020/6/16,36
上海,2020/6/17,37
上海,2020/6/18,37
上海,2020/6/19,38
上海,2020/6/2,20
上海,2020/6/20,38
上海,2020/6/21,41
上海,2020/6/22,40
上海,2020/6/23,42
上海,2020/6/24,41
上海,2020/6/25,41
上海,2020/6/26,40
上海,2020/6/27,40
上海,2020/6/28,41
上海,2020/6/29,45
上海,2020/6/3,20
上海,2020/6/30,45
上海,2020/6/4,23
上海,2020/6/5,22
上海,2020/6/6,21
上海,2020/6/7,22
上海,2020/6/8,22
上海,2020/6/9,21
云南,2020/1/21,1
云南,2020/1/22,1
云南,2020/1/23,2
云南,2020/1/24,5
云南,2020/1/25,11
云南,2020/1/26,19
云南,2020/1/27,44
云南,2020/1/28,51
云南,2020/1/29,70
云南,2020/1/30,80
云南,2020/1/31,90
云南,2020/2/1,97
云南,2020/2/10,130
云南,2020/2/11,134
云南,2020/2/12,132
云南,2020/2/13,135
云南,2020/2/14,133
云南,2020/2/15,127
云南,2020/2/16,129
云南,2020/2/17,125
云南,2020/2/18,115
云南,2020/2/19,111
云南,2020/2/2,106
云南,2020/2/20,93
云南,2020/2/21,76
云南,2020/2/22,65
云南,2020/2/23,57
云南,2020/2/24,48
云南,2020/2/25,43
云南,2020/2/26,28
云南,2020/2/27,22
云南,2020/2/28,16
云南,2020/2/29,15
云南,2020/2/3,112
云南,2020/2/4,117
云南,2020/2/5,123
云南,2020/2/6,128
云南,2020/2/7,126
云南,2020/2/8,123
云南,2020/2/9,123
云南,2020/3/1,9
云南,2020/3/10,2
云南,2020/3/11,2
云南,2020/3/12,2
云南,2020/3/13,2
云南,2020/3/14,0
云南,2020/3/15,1
云南,2020/3/16,2
云南,2020/3/17,2
云南,2020/3/18,2
云南,2020/3/19,2
云南,2020/3/2,4
云南,2020/3/20,2
云南,2020/3/21,2
云南,2020/3/22,2
云南,2020/3/23,2
云南,2020/3/24,2
云南,2020/3/25,4
云南,2020/3/26,6
云南,2020/3/27,6
云南,2020/3/28,6
云南,2020/3/29,6
云南,2020/3/3,3
云南,2020/3/30,7
云南,2020/3/31,8
云南,2020/3/4,3
云南,2020/3/5,3
云南,2020/3/6,2
云南,2020/3/7,2
云南,2020/3/8,2
云南,2020/3/9,2
云南,2020/4/1,9
云南,2020/4/10,8
云南,2020/4/11,8
云南,2020/4/12,8
云南,2020/4/13,7
云南,2020/4/14,6
云南,2020/4/15,6
云南,2020/4/16,5
云南,2020/4/17,5
云南,2020/4/18,4
云南,2020/4/19,4
云南,2020/4/2,10
云南,2020/4/20,4
云南,2020/4/21,4
云南,2020/4/22,4
云南,2020/4/23,2
云南,2020/4/24,3
云南,2020/4/25,2
云南,2020/4/26,2
云南,2020/4/27,2
云南,2020/4/28,2
云南,2020/4/29,2
云南,2020/4/3,10
云南,2020/4/30,2
云南,2020/4/4,10
云南,2020/4/5,10
云南,2020/4/6,9
云南,2020/4/7,9
云南,2020/4/8,9
云南,2020/4/9,9
云南,2020/5/1,2
云南,2020/5/10,0
云南,2020/5/11,0
云南,2020/5/12,0
云南,2020/5/13,0
云南,2020/5/14,0
云南,2020/5/15,0
云南,2020/5/16,0
云南,2020/5/17,0
云南,2020/5/18,0
云南,2020/5/19,0
云南,2020/5/2,2
云南,2020/5/20,0
云南,2020/5/21,0
云南,2020/5/22,0
云南,2020/5/23,0
云南,2020/5/24,0
云南,2020/5/25,0
云南,2020/5/26,0
云南,2020/5/27,0
云南,2020/5/28,0
云南,2020/5/29,0
云南,2020/5/3,2
云南,2020/5/30,0
云南,2020/5/31,0
云南,2020/5/4,2
云南,2020/5/5,2
云南,2020/5/6,2
云南,2020/5/7,1
云南,2020/5/8,1
云南,2020/5/9,0
云南,2020/6/1,0
云南,2020/6/10,0
云南,2020/6/11,0
云南,2020/6/12,0
云南,2020/6/13,0
云南,2020/6/14,0
云南,2020/6/15,0
云南,2020/6/16,0
云南,2020/6/17,0
云南,2020/6/18,0
云南,2020/6/19,0
云南,2020/6/2,0
云南,2020/6/20,0
云南,2020/6/21,0
云南,2020/6/22,0
云南,2020/6/23,0
云南,2020/6/24,0
云南,2020/6/25,0
云南,2020/6/26,0
云南,2020/6/27,0
云南,2020/6/28,0
云南,2020/6/29,0
云南,2020/6/3,0
云南,2020/6/30,0
云南,2020/6/4,0
云南,2020/6/5,0
云南,2020/6/6,0
云南,2020/6/7,0
云南,2020/6/8,0
云南,2020/6/9,0
内蒙古,2020/1/23,1
内蒙古,2020/1/24,2
内蒙古,2020/1/25,7
内蒙古,2020/1/26,11
内蒙古,2020/1/27,13
内蒙古,2020/1/28,16
内蒙古,2020/1/29,18
内蒙古,2020/1/30,20
内蒙古,2020/1/31,22
内蒙古,2020/2/1,26
内蒙古,2020/2/10,53
内蒙古,2020/2/11,55
内蒙古,2020/2/12,55
内蒙古,2020/2/13,59
内蒙古,2020/2/14,62
内蒙古,2020/2/15,63
内蒙古,2020/2/16,64
内蒙古,2020/2/17,65
内蒙古,2020/2/18,66
内蒙古,2020/2/19,64
内蒙古,2020/2/2,33
内蒙古,2020/2/20,59
内蒙古,2020/2/21,53
内蒙古,2020/2/22,49
内蒙古,2020/2/23,45
内蒙古,2020/2/24,41
内蒙古,2020/2/25,40
内蒙古,2020/2/26,37
内蒙古,2020/2/27,32
内蒙古,2020/2/28,29
内蒙古,2020/2/29,24
内蒙古,2020/2/3,34
内蒙古,2020/2/4,41
内蒙古,2020/2/5,42
内蒙古,2020/2/6,46
内蒙古,2020/2/7,47
内蒙古,2020/2/8,49
内蒙古,2020/2/9,53
内蒙古,2020/3/1,24
内蒙古,2020/3/10,4
内蒙古,2020/3/11,3
内蒙古,2020/3/12,3
内蒙古,2020/3/13,3
内蒙古,2020/3/14,3
内蒙古,2020/3/15,3
内蒙古,2020/3/16,1
内蒙古,2020/3/17,1
内蒙古,2020/3/18,0
内蒙古,2020/3/19,0
内蒙古,2020/3/2,20
内蒙古,2020/3/20,0
内蒙古,2020/3/21,0
内蒙古,2020/3/22,0
内蒙古,2020/3/23,0
内蒙古,2020/3/24,2
内蒙古,2020/3/25,14
内蒙古,2020/3/26,17
内蒙古,2020/3/27,19
内蒙古,2020/3/28,20
内蒙古,2020/3/29,22
内蒙古,2020/3/3,15
内蒙古,2020/3/30,32
内蒙古,2020/3/31,36
内蒙古,2020/3/4,11
内蒙古,2020/3/5,9
内蒙古,2020/3/6,9
内蒙古,2020/3/7,6
内蒙古,2020/3/8,4
内蒙古,2020/3/9,4
内蒙古,2020/4/1,42
内蒙古,2020/4/10,75
内蒙古,2020/4/11,71
内蒙古,2020/4/12,106
内蒙古,2020/4/13,98
内蒙古,2020/4/14,95
内蒙古,2020/4/15,98
内蒙古,2020/4/16,89
内蒙古,2020/4/17,88
内蒙古,2020/4/18,88
内蒙古,2020/4/19,89
内蒙古,2020/4/2,42
内蒙古,2020/4/20,85
内蒙古,2020/4/21,85
内蒙古,2020/4/22,85
内蒙古,2020/4/23,85
内蒙古,2020/4/24,82
内蒙古,2020/4/25,76
内蒙古,2020/4/26,68
内蒙古,2020/4/27,53
内蒙古,2020/4/28,52
内蒙古,2020/4/29,49
内蒙古,2020/4/3,42
内蒙古,2020/4/30,48
内蒙古,2020/4/4,42
内蒙古,2020/4/5,43
内蒙古,2020/4/6,46
内蒙古,2020/4/7,49
内蒙古,2020/4/8,46
内蒙古,2020/4/9,48
内蒙古,2020/5/1,46
内蒙古,2020/5/10,20
内蒙古,2020/5/11,20
内蒙古,2020/5/12,18
内蒙古,2020/5/13,18
内蒙古,2020/5/14,14
内蒙古,2020/5/15,12
内蒙古,2020/5/16,12
内蒙古,2020/5/17,16
内蒙古,2020/5/18,19
内蒙古,2020/5/19,20
内蒙古,2020/5/2,46
内蒙古,2020/5/20,17
内蒙古,2020/5/21,17
内蒙古,2020/5/22,17
内蒙古,2020/5/23,17
内蒙古,2020/5/24,25
内蒙古,2020/5/25,27
内蒙古,2020/5/26,26
内蒙古,2020/5/27,26
内蒙古,2020/5/28,26
内蒙古,2020/5/29,25
内蒙古,2020/5/3,44
内蒙古,2020/5/30,25
内蒙古,2020/5/31,27
内蒙古,2020/5/4,40
内蒙古,2020/5/5,33
内蒙古,2020/5/6,29
内蒙古,2020/5/7,28
内蒙古,2020/5/8,25
内蒙古,2020/5/9,16
内蒙古,2020/6/1,25
内蒙古,2020/6/10,6
内蒙古,2020/6/11,5
内蒙古,2020/6/12,5
内蒙古,2020/6/13,5
内蒙古,2020/6/14,5
内蒙古,2020/6/15,3
内蒙古,2020/6/16,3
内蒙古,2020/6/17,3
内蒙古,2020/6/18,3
内蒙古,2020/6/19,3
内蒙古,2020/6/2,25
内蒙古,2020/6/20,2
内蒙古,2020/6/21,2
内蒙古,2020/6/22,1
内蒙古,2020/6/23,1
内蒙古,2020/6/24,1
内蒙古,2020/6/25,1
内蒙古,2020/6/26,1
内蒙古,2020/6/27,1
内蒙古,2020/6/28,0
内蒙古,2020/6/29,0
内蒙古,2020/6/3,22
内蒙古,2020/6/30,0
内蒙古,2020/6/4,21
内蒙古,2020/6/5,21
内蒙古,2020/6/6,21
内蒙古,2020/6/7,16
内蒙古,2020/6/8,8
内蒙古,2020/6/9,6
北京,2020/1/19,2
北京,2020/1/20,5
北京,2020/1/21,10
北京,2020/1/22,14
北京,2020/1/23,26
北京,2020/1/24,40
北京,2020/1/25,52
北京,2020/1/26,70
北京,2020/1/27,79
北京,2020/1/28,88
北京,2020/1/29,100
北京,2020/1/30,116
北京,2020/1/31,140
北京,2020/2/1,158
北京,2020/2/10,282
北京,2020/2/11,284
北京,2020/2/12,285
北京,2020/2/13,280
北京,2020/2/14,264
北京,2020/2/15,262
北京,2020/2/16,254
北京,2020/2/17,252
北京,2020/2/18,235
北京,2020/2/19,229
北京,2020/2/2,190
北京,2020/2/20,214
北京,2020/2/21,208
北京,2020/2/22,197
北京,2020/2/23,189
北京,2020/2/24,173
北京,2020/2/25,153
北京,2020/2/26,149
北京,2020/2/27,138
北京,2020/2/28,124
北京,2020/2/29,121
北京,2020/2/3,195
北京,2020/2/4,219
北京,2020/2/5,234
北京,2020/2/6,255
北京,2020/2/7,270
北京,2020/2/8,279
北京,2020/2/9,283
北京,2020/3/1,116
北京,2020/3/10,93
北京,2020/3/11,85
北京,2020/3/12,78
北京,2020/3/13,72
北京,2020/3/14,73
北京,2020/3/15,72
北京,2020/3/16,71
北京,2020/3/17,69
北京,2020/3/18,84
北京,2020/3/19,85
北京,2020/3/2,110
北京,2020/3/20,91
北京,2020/3/21,98
北京,2020/3/22,106
北京,2020/3/23,137
北京,2020/3/24,142
北京,2020/3/25,146
北京,2020/3/26,147
北京,2020/3/27,147
北京,2020/3/28,149
北京,2020/3/29,149
北京,2020/3/3,107
北京,2020/3/30,148
北京,2020/3/31,146
北京,2020/3/4,105
北京,2020/3/5,108
北京,2020/3/6,107
北京,2020/3/7,104
北京,2020/3/8,97
北京,2020/3/9,93
北京,2020/4/1,142
北京,2020/4/10,99
北京,2020/4/11,94
北京,2020/4/12,89
北京,2020/4/13,82
北京,2020/4/14,79
北京,2020/4/15,74
北京,2020/4/16,68
北京,2020/4/17,68
北京,2020/4/18,67
北京,2020/4/19,63
北京,2020/4/2,133
北京,2020/4/20,61
北京,2020/4/21,59
北京,2020/4/22,55
北京,2020/4/23,53
北京,2020/4/24,52
北京,2020/4/25,52
北京,2020/4/26,51
北京,2020/4/27,49
北京,2020/4/28,47
北京,2020/4/29,43
北京,2020/4/3,131
北京,2020/4/30,38
北京,2020/4/4,129
北京,2020/4/5,128
北京,2020/4/6,123
北京,2020/4/7,117
北京,2020/4/8,108
北京,2020/4/9,103
北京,2020/5/1,38
北京,2020/5/10,17
北京,2020/5/11,14
北京,2020/5/12,12
北京,2020/5/13,11
北京,2020/5/14,11
北京,2020/5/15,9
北京,2020/5/16,8
北京,2020/5/17,7
北京,2020/5/18,7
北京,2020/5/19,7
北京,2020/5/2,34
北京,2020/5/20,6
北京,2020/5/21,6
北京,2020/5/22,6
北京,2020/5/23,4
北京,2020/5/24,4
北京,2020/5/25,4
北京,2020/5/26,4
北京,2020/5/27,4
北京,2020/5/28,4
北京,2020/5/29,4
北京,2020/5/3,32
北京,2020/5/30,4
北京,2020/5/31,4
北京,2020/5/4,31
北京,2020/5/5,30
北京,2020/5/6,28
北京,2020/5/7,25
北京,2020/5/8,22
北京,2020/5/9,20
北京,2020/6/1,4
北京,2020/6/10,2
北京,2020/6/11,3
北京,2020/6/12,9
北京,2020/6/13,45
北京,2020/6/14,81
北京,2020/6/15,108
北京,2020/6/16,139
北京,2020/6/17,160
北京,2020/6/18,185
北京,2020/6/19,207
北京,2020/6/2,4
北京,2020/6/20,229
北京,2020/6/21,238
北京,2020/6/22,251
北京,2020/6/23,258
北京,2020/6/24,271
北京,2020/6/25,282
北京,2020/6/26,299
北京,2020/6/27,313
北京,2020/6/28,320
北京,2020/6/29,326
北京,2020/6/3,3
北京,2020/6/30,329
北京,2020/6/4,3
北京,2020/6/5,3
北京,2020/6/6,3
北京,2020/6/7,3
北京,2020/6/8,2
北京,2020/6/9,2
台湾,2020/1/21,1
台湾,2020/1/22,1
台湾,2020/1/23,1
台湾,2020/1/24,3
台湾,2020/1/25,3
台湾,2020/1/26,4
台湾,2020/1/27,5
台湾,2020/1/28,8
台湾,2020/1/29,8
台湾,2020/1/30,9
台湾,2020/1/31,10
台湾,2020/2/1,10
台湾,2020/2/10,17
台湾,2020/2/11,17
台湾,2020/2/12,17
台湾,2020/2/13,17
台湾,2020/2/14,17
台湾,2020/2/15,16
台湾,2020/2/16,17
台湾,2020/2/17,19
台湾,2020/2/18,19
台湾,2020/2/19,21
台湾,2020/2/2,10
台湾,2020/2/20,21
台湾,2020/2/21,23
台湾,2020/2/22,23
台湾,2020/2/23,22
台湾,2020/2/24,24
台湾,2020/2/25,25
台湾,2020/2/26,26
台湾,2020/2/27,25
台湾,2020/2/28,24
台湾,2020/2/29,29
台湾,2020/2/3,10
台湾,2020/2/4,11
台湾,2020/2/5,11
台湾,2020/2/6,15
台湾,2020/2/7,15
台湾,2020/2/8,16
台湾,2020/2/9,17
台湾,2020/3/1,27
台湾,2020/3/10,29
台湾,2020/3/11,30
台湾,2020/3/12,28
台湾,2020/3/13,29
台湾,2020/3/14,32
台湾,2020/3/15,38
台湾,2020/3/16,44
台湾,2020/3/17,54
台湾,2020/3/18,77
台湾,2020/3/19,81
台湾,2020/3/2,28
台湾,2020/3/20,105
台湾,2020/3/21,123
台湾,2020/3/22,139
台湾,2020/3/23,164
台湾,2020/3/24,185
台湾,2020/3/25,204
台湾,2020/3/26,221
台湾,2020/3/27,235
台湾,2020/3/28,251
台湾,2020/3/29,256
台湾,2020/3/3,29
台湾,2020/3/30,262
台湾,2020/3/31,278
台湾,2020/3/4,29
台湾,2020/3/5,31
台湾,2020/3/6,32
台湾,2020/3/7,31
台湾,2020/3/8,29
台湾,2020/3/9,29
台湾,2020/4/1,279
台湾,2020/4/10,285
台湾,2020/4/11,280
台湾,2020/4/12,273
台湾,2020/4/13,273
台湾,2020/4/14,263
台湾,2020/4/15,252
台湾,2020/4/16,234
台湾,2020/4/17,223
台湾,2020/4/18,214
台湾,2020/4/19,225
台湾,2020/4/2,284
台湾,2020/4/20,213
台湾,2020/4/21,202
台湾,2020/4/22,184
台湾,2020/4/23,168
台湾,2020/4/24,158
台湾,2020/4/25,148
台湾,2020/4/26,142
台湾,2020/4/27,133
台湾,2020/4/28,116
台湾,2020/4/29,112
台湾,2020/4/3,293
台湾,2020/4/30,101
台湾,2020/4/4,300
台湾,2020/4/5,304
台湾,2020/4/6,311
台湾,2020/4/7,310
台湾,2020/4/8,307
台湾,2020/4/9,295
台湾,2020/5/1,99
台湾,2020/5/10,68
台湾,2020/5/11,65
台湾,2020/5/12,61
台湾,2020/5/13,58
台湾,2020/5/14,50
台湾,2020/5/15,46
台湾,2020/5/16,44
台湾,2020/5/17,38
台湾,2020/5/18,35
台湾,2020/5/19,32
台湾,2020/5/2,102
台湾,2020/5/20,31
台湾,2020/5/21,27
台湾,2020/5/22,26
台湾,2020/5/23,23
台湾,2020/5/24,20
台湾,2020/5/25,19
台湾,2020/5/26,18
台湾,2020/5/27,15
台湾,2020/5/28,14
台湾,2020/5/29,15
台湾,2020/5/3,98
台湾,2020/5/30,14
台湾,2020/5/31,12
台湾,2020/5/4,98
台湾,2020/5/5,98
台湾,2020/5/6,94
台湾,2020/5/7,87
台湾,2020/5/8,79
台湾,2020/5/9,73
台湾,2020/6/1,9
台湾,2020/6/10,5
台湾,2020/6/11,5
台湾,2020/6/12,5
台湾,2020/6/13,5
台湾,2020/6/14,5
台湾,2020/6/15,5
台湾,2020/6/16,5
台湾,2020/6/17,4
台湾,2020/6/18,5
台湾,2020/6/19,5
台湾,2020/6/2,9
台湾,2020/6/20,5
台湾,2020/6/21,5
台湾,2020/6/22,4
台湾,2020/6/23,4
台湾,2020/6/24,4
台湾,2020/6/25,5
台湾,2020/6/26,5
台湾,2020/6/27,5
台湾,2020/6/28,5
台湾,2020/6/29,5
台湾,2020/6/3,8
台湾,2020/6/30,5
台湾,2020/6/4,8
台湾,2020/6/5,7
台湾,2020/6/6,7
台湾,2020/6/7,6
台湾,2020/6/8,6
台湾,2020/6/9,5
吉林,2020/1/22,1
吉林,2020/1/23,3
吉林,2020/1/24,4
吉林,2020/1/25,4
吉林,2020/1/26,6
吉林,2020/1/27,8
吉林,2020/1/28,9
吉林,2020/1/29,14
吉林,2020/1/30,13
吉林,2020/1/31,16
吉林,2020/2/1,22
吉林,2020/2/10,67
吉林,2020/2/11,64
吉林,2020/2/12,61
吉林,2020/2/13,60
吉林,2020/2/14,62
吉林,2020/2/15,60
吉林,2020/2/16,58
吉林,2020/2/17,54
吉林,2020/2/18,53
吉林,2020/2/19,50
吉林,2020/2/2,30
吉林,2020/2/20,46
吉林,2020/2/21,44
吉林,2020/2/22,38
吉林,2020/2/23,38
吉林,2020/2/24,32
吉林,2020/2/25,29
吉林,2020/2/26,27
吉林,2020/2/27,24
吉林,2020/2/28,19
吉林,2020/2/29,17
吉林,2020/2/3,41
吉林,2020/2/4,53
吉林,2020/2/5,57
吉林,2020/2/6,60
吉林,2020/2/7,64
吉林,2020/2/8,72
吉林,2020/2/9,67
吉林,2020/3/1,14
吉林,2020/3/10,1
吉林,2020/3/11,1
吉林,2020/3/12,1
吉林,2020/3/13,1
吉林,2020/3/14,1
吉林,2020/3/15,0
吉林,2020/3/16,0
吉林,2020/3/17,0
吉林,2020/3/18,0
吉林,2020/3/19,0
吉林,2020/3/2,9
吉林,2020/3/20,0
吉林,2020/3/21,0
吉林,2020/3/22,0
吉林,2020/3/23,0
吉林,2020/3/24,1
吉林,2020/3/25,2
吉林,2020/3/26,2
吉林,2020/3/27,4
吉林,2020/3/28,5
吉林,2020/3/29,5
吉林,2020/3/3,8
吉林,2020/3/30,5
吉林,2020/3/31,5
吉林,2020/3/4,6
吉林,2020/3/5,4
吉林,2020/3/6,2
吉林,2020/3/7,2
吉林,2020/3/8,2
吉林,2020/3/9,1
吉林,2020/4/1,5
吉林,2020/4/10,1
吉林,2020/4/11,2
吉林,2020/4/12,3
吉林,2020/4/13,3
吉林,2020/4/14,5
吉林,2020/4/15,5
吉林,2020/4/16,4
吉林,2020/4/17,4
吉林,2020/4/18,6
吉林,2020/4/19,6
吉林,2020/4/2,5
吉林,2020/4/20,8
吉林,2020/4/21,7
吉林,2020/4/22,8
吉林,2020/4/23,8
吉林,2020/4/24,9
吉林,2020/4/25,9
吉林,2020/4/26,10
吉林,2020/4/27,10
吉林,2020/4/28,10
吉林,2020/4/29,11
吉林,2020/4/3,5
吉林,2020/4/30,9
吉林,2020/4/4,5
吉林,2020/4/5,5
吉林,2020/4/6,5
吉林,2020/4/7,5
吉林,2020/4/8,4
吉林,2020/4/9,2
吉林,2020/5/1,9
吉林,2020/5/10,21
吉林,2020/5/11,21
吉林,2020/5/12,24
吉林,2020/5/13,25
吉林,2020/5/14,29
吉林,2020/5/15,31
吉林,2020/5/16,29
吉林,2020/5/17,22
吉林,2020/5/18,26
吉林,2020/5/19,25
吉林,2020/5/2,8
吉林,2020/5/20,25
吉林,2020/5/21,25
吉林,2020/5/22,24
吉林,2020/5/23,25
吉林,2020/5/24,25
吉林,2020/5/25,25
吉林,2020/5/26,25
吉林,2020/5/27,20
吉林,2020/5/28,17
吉林,2020/5/29,11
吉林,2020/5/3,8
吉林,2020/5/30,9
吉林,2020/5/31,9
吉林,2020/5/4,8
吉林,2020/5/5,8
吉林,2020/5/6,8
吉林,2020/5/7,8
吉林,2020/5/8,7
吉林,2020/5/9,18
吉林,2020/6/1,6
吉林,2020/6/10,0
吉林,2020/6/11,0
吉林,2020/6/12,0
吉林,2020/6/13,0
吉林,2020/6/14,0
吉林,2020/6/15,0
吉林,2020/6/16,0
吉林,2020/6/17,0
吉林,2020/6/18,0
吉林,2020/6/19,0
吉林,2020/6/2,6
吉林,2020/6/20,0
吉林,2020/6/21,0
吉林,2020/6/22,0
吉林,2020/6/23,0
吉林,2020/6/24,0
吉林,2020/6/25,0
吉林,2020/6/26,0
吉林,2020/6/27,0
吉林,2020/6/28,0
吉林,2020/6/29,0
吉林,2020/6/3,5
吉林,2020/6/30,0
吉林,2020/6/4,4
吉林,2020/6/5,3
吉林,2020/6/6,2
吉林,2020/6/7,0
吉林,2020/6/8,0
吉林,2020/6/9,0
四川,2020/1/21,2
四川,2020/1/22,8
四川,2020/1/23,15
四川,2020/1/24,28
四川,2020/1/25,44
四川,2020/1/26,69
四川,2020/1/27,90
四川,2020/1/28,108
四川,2020/1/29,139
四川,2020/1/30,175
四川,2020/1/31,203
四川,2020/2/1,227
四川,2020/2/10,334
四川,2020/2/11,350
四川,2020/2/12,357
四川,2020/2/13,357
四川,2020/2/14,354
四川,2020/2/15,351
四川,2020/2/16,356
四川,2020/2/17,342
四川,2020/2/18,334
四川,2020/2/19,319
四川,2020/2/2,241
四川,2020/2/20,300
四川,2020/2/21,281
四川,2020/2/22,267
四川,2020/2/23,261
四川,2020/2/24,248
四川,2020/2/25,236
四川,2020/2/26,221
四川,2020/2/27,209
四川,2020/2/28,185
四川,2020/2/29,172
四川,2020/2/3,267
四川,2020/2/4,277
四川,2020/2/5,293
四川,2020/2/6,306
四川,2020/2/7,312
四川,2020/2/8,325
四川,2020/2/9,328
四川,2020/3/1,157
四川,2020/3/10,52
四川,2020/3/11,42
四川,2020/3/12,36
四川,2020/3/13,26
四川,2020/3/14,21
四川,2020/3/15,20
四川,2020/3/16,16
四川,2020/3/17,12
四川,2020/3/18,6
四川,2020/3/19,2
四川,2020/3/2,146
四川,2020/3/20,3
四川,2020/3/21,4
四川,2020/3/22,4
四川,2020/3/23,6
四川,2020/3/24,8
四川,2020/3/25,8
四川,2020/3/26,9
四川,2020/3/27,9
四川,2020/3/28,11
四川,2020/3/29,11
四川,2020/3/3,135
四川,2020/3/30,11
四川,2020/3/31,13
四川,2020/3/4,118
四川,2020/3/5,108
四川,2020/3/6,88
四川,2020/3/7,79
四川,2020/3/8,71
四川,2020/3/9,66
四川,2020/4/1,14
四川,2020/4/10,10
四川,2020/4/11,10
四川,2020/4/12,9
四川,2020/4/13,9
四川,2020/4/14,7
四川,2020/4/15,5
四川,2020/4/16,5
四川,2020/4/17,5
四川,2020/4/18,4
四川,2020/4/19,4
四川,2020/4/2,15
四川,2020/4/20,4
四川,2020/4/21,2
四川,2020/4/22,1
四川,2020/4/23,1
四川,2020/4/24,1
四川,2020/4/25,1
四川,2020/4/26,1
四川,2020/4/27,1
四川,2020/4/28,1
四川,2020/4/29,1
四川,2020/4/3,16
四川,2020/4/30,1
四川,2020/4/4,16
四川,2020/4/5,16
四川,2020/4/6,16
四川,2020/4/7,16
四川,2020/4/8,16
四川,2020/4/9,11
四川,2020/5/1,1
四川,2020/5/10,1
四川,2020/5/11,1
四川,2020/5/12,1
四川,2020/5/13,1
四川,2020/5/14,1
四川,2020/5/15,1
四川,2020/5/16,1
四川,2020/5/17,1
四川,2020/5/18,1
四川,2020/5/19,1
四川,2020/5/2,1
四川,2020/5/20,1
四川,2020/5/21,3
四川,2020/5/22,3
四川,2020/5/23,3
四川,2020/5/24,4
四川,2020/5/25,4
四川,2020/5/26,4
四川,2020/5/27,4
四川,2020/5/28,4
四川,2020/5/29,4
四川,2020/5/3,1
四川,2020/5/30,4
四川,2020/5/31,15
四川,2020/5/4,1
四川,2020/5/5,1
四川,2020/5/6,1
四川,2020/5/7,1
四川,2020/5/8,1
四川,2020/5/9,1
四川,2020/6/1,17
四川,2020/6/10,19
四川,2020/6/11,18
四川,2020/6/12,18
四川,2020/6/13,17
四川,2020/6/14,21
四川,2020/6/15,21
四川,2020/6/16,21
四川,2020/6/17,19
四川,2020/6/18,17
四川,2020/6/19,16
四川,2020/6/2,17
四川,2020/6/20,16
四川,2020/6/21,16
四川,2020/6/22,14
四川,2020/6/23,13
四川,2020/6/24,11
四川,2020/6/25,11
四川,2020/6/26,11
四川,2020/6/27,11
四川,2020/6/28,12
四川,2020/6/29,14
四川,2020/6/3,17
四川,2020/6/30,12
四川,2020/6/4,18
四川,2020/6/5,18
四川,2020/6/6,18
四川,2020/6/7,21
四川,2020/6/8,22
四川,2020/6/9,22
天津,2020/1/21,2
天津,2020/1/22,4
天津,2020/1/23,5
天津,2020/1/24,8
天津,2020/1/25,9
天津,2020/1/26,13
天津,2020/1/27,22
天津,2020/1/28,23
天津,2020/1/29,26
天津,2020/1/30,30
天津,2020/1/31,31
天津,2020/2/1,40
天津,2020/2/10,85
天津,2020/2/11,94
天津,2020/2/12,99
天津,2020/2/13,95
天津,2020/2/14,85
天津,2020/2/15,82
天津,2020/2/16,77
天津,2020/2/17,77
天津,2020/2/18,78
天津,2020/2/19,74
天津,2020/2/2,47
天津,2020/2/20,70
天津,2020/2/21,69
天津,2020/2/22,68
天津,2020/2/23,52
天津,2020/2/24,46
天津,2020/2/25,42
天津,2020/2/26,37
天津,2020/2/27,32
天津,2020/2/28,29
天津,2020/2/29,25
天津,2020/2/3,59
天津,2020/2/4,65
天津,2020/2/5,66
天津,2020/2/6,76
天津,2020/2/7,78
天津,2020/2/8,83
天津,2020/2/9,86
天津,2020/3/1,23
天津,2020/3/10,3
天津,2020/3/11,2
天津,2020/3/12,2
天津,2020/3/13,2
天津,2020/3/14,2
天津,2020/3/15,1
天津,2020/3/16,1
天津,2020/3/17,1
天津,2020/3/18,1
天津,2020/3/19,2
天津,2020/3/2,16
天津,2020/3/20,2
天津,2020/3/21,2
天津,2020/3/22,2
天津,2020/3/23,6
天津,2020/3/24,10
天津,2020/3/25,12
天津,2020/3/26,17
天津,2020/3/27,21
天津,2020/3/28,28
天津,2020/3/29,31
天津,2020/3/3,10
天津,2020/3/30,39
天津,2020/3/31,37
天津,2020/3/4,6
天津,2020/3/5,6
天津,2020/3/6,6
天津,2020/3/7,6
天津,2020/3/8,5
天津,2020/3/9,4
天津,2020/4/1,39
天津,2020/4/10,23
天津,2020/4/11,20
天津,2020/4/12,21
天津,2020/4/13,18
天津,2020/4/14,15
天津,2020/4/15,12
天津,2020/4/16,12
天津,2020/4/17,14
天津,2020/4/18,14
天津,2020/4/19,13
天津,2020/4/2,35
天津,2020/4/20,13
天津,2020/4/21,11
天津,2020/4/22,9
天津,2020/4/23,8
天津,2020/4/24,6
天津,2020/4/25,5
天津,2020/4/26,5
天津,2020/4/27,5
天津,2020/4/28,4
天津,2020/4/29,4
天津,2020/4/3,38
天津,2020/4/30,3
天津,2020/4/4,34
天津,2020/4/5,34
天津,2020/4/6,27
天津,2020/4/7,26
天津,2020/4/8,27
天津,2020/4/9,26
天津,2020/5/1,2
天津,2020/5/10,2
天津,2020/5/11,2
天津,2020/5/12,2
天津,2020/5/13,1
天津,2020/5/14,1
天津,2020/5/15,1
天津,2020/5/16,2
天津,2020/5/17,2
天津,2020/5/18,2
天津,2020/5/19,2
天津,2020/5/2,1
天津,2020/5/20,2
天津,2020/5/21,2
天津,2020/5/22,2
天津,2020/5/23,2
天津,2020/5/24,2
天津,2020/5/25,2
天津,2020/5/26,2
天津,2020/5/27,2
天津,2020/5/28,2
天津,2020/5/29,2
天津,2020/5/3,1
天津,2020/5/30,2
天津,2020/5/31,2
天津,2020/5/4,1
天津,2020/5/5,1
天津,2020/5/6,1
天津,2020/5/7,1
天津,2020/5/8,2
天津,2020/5/9,2
天津,2020/6/1,2
天津,2020/6/10,4
天津,2020/6/11,4
天津,2020/6/12,5
天津,2020/6/13,5
天津,2020/6/14,5
天津,2020/6/15,5
天津,2020/6/16,5
天津,2020/6/17,6
天津,2020/6/18,6
天津,2020/6/19,6
天津,2020/6/2,2
天津,2020/6/20,6
天津,2020/6/21,6
天津,2020/6/22,6
天津,2020/6/23,6
天津,2020/6/24,6
天津,2020/6/25,6
天津,2020/6/26,6
天津,2020/6/27,6
天津,2020/6/28,6
天津,2020/6/29,6
天津,2020/6/3,2
天津,2020/6/30,6
天津,2020/6/4,1
天津,2020/6/5,1
天津,2020/6/6,2
天津,2020/6/7,2
天津,2020/6/8,2
天津,2020/6/9,3
宁夏,2020/1/21,1
宁夏,2020/1/22,1
宁夏,2020/1/23,2
宁夏,2020/1/24,3
宁夏,2020/1/25,4
宁夏,2020/1/26,7
宁夏,2020/1/27,11
宁夏,2020/1/28,12
宁夏,2020/1/29,17
宁夏,2020/1/30,21
宁夏,2020/1/31,26
宁夏,2020/2/1,28
宁夏,2020/2/10,39
宁夏,2020/2/11,36
宁夏,2020/2/12,40
宁夏,2020/2/13,43
宁夏,2020/2/14,43
宁夏,2020/2/15,37
宁夏,2020/2/16,37
宁夏,2020/2/17,35
宁夏,2020/2/18,29
宁夏,2020/2/19,29
宁夏,2020/2/2,31
宁夏,2020/2/20,27
宁夏,2020/2/21,23
宁夏,2020/2/22,23
宁夏,2020/2/23,14
宁夏,2020/2/24,13
宁夏,2020/2/25,10
宁夏,2020/2/26,7
宁夏,2020/2/27,4
宁夏,2020/2/28,5
宁夏,2020/2/29,4
宁夏,2020/2/3,33
宁夏,2020/2/4,33
宁夏,2020/2/5,39
宁夏,2020/2/6,42
宁夏,2020/2/7,41
宁夏,2020/2/8,32
宁夏,2020/2/9,36
宁夏,2020/3/1,5
宁夏,2020/3/10,4
宁夏,2020/3/11,3
宁夏,2020/3/12,3
宁夏,2020/3/13,3
宁夏,2020/3/14,2
宁夏,2020/3/15,2
宁夏,2020/3/16,0
宁夏,2020/3/17,0
宁夏,2020/3/18,0
宁夏,2020/3/19,0
宁夏,2020/3/2,5
宁夏,2020/3/20,0
宁夏,2020/3/21,0
宁夏,2020/3/22,0
宁夏,2020/3/23,0
宁夏,2020/3/24,0
宁夏,2020/3/25,0
宁夏,2020/3/26,0
宁夏,2020/3/27,0
宁夏,2020/3/28,0
宁夏,2020/3/29,0
宁夏,2020/3/3,6
宁夏,2020/3/30,0
宁夏,2020/3/31,0
宁夏,2020/3/4,6
宁夏,2020/3/5,6
宁夏,2020/3/6,4
宁夏,2020/3/7,4
宁夏,2020/3/8,4
宁夏,2020/3/9,4
宁夏,2020/4/1,0
宁夏,2020/4/10,0
宁夏,2020/4/11,0
宁夏,2020/4/12,0
宁夏,2020/4/13,0
宁夏,2020/4/14,0
宁夏,2020/4/15,0
宁夏,2020/4/16,0
宁夏,2020/4/17,0
宁夏,2020/4/18,0
宁夏,2020/4/19,0
宁夏,2020/4/2,0
宁夏,2020/4/20,0
宁夏,2020/4/21,0
宁夏,2020/4/22,0
宁夏,2020/4/23,0
宁夏,2020/4/24,0
宁夏,2020/4/25,0
宁夏,2020/4/26,0
宁夏,2020/4/27,0
宁夏,2020/4/28,0
宁夏,2020/4/29,0
宁夏,2020/4/3,0
宁夏,2020/4/30,0
宁夏,2020/4/4,0
宁夏,2020/4/5,0
宁夏,2020/4/6,0
宁夏,2020/4/7,0
宁夏,2020/4/8,0
宁夏,2020/4/9,0
宁夏,2020/5/1,0
宁夏,2020/5/10,0
宁夏,2020/5/11,0
宁夏,2020/5/12,0
宁夏,2020/5/13,0
宁夏,2020/5/14,0
宁夏,2020/5/15,0
宁夏,2020/5/16,0
宁夏,2020/5/17,0
宁夏,2020/5/18,0
宁夏,2020/5/19,0
宁夏,2020/5/2,0
宁夏,2020/5/20,0
宁夏,2020/5/21,0
宁夏,2020/5/22,0
宁夏,2020/5/23,0
宁夏,2020/5/24,0
宁夏,2020/5/25,0
宁夏,2020/5/26,0
宁夏,2020/5/27,0
宁夏,2020/5/28,0
宁夏,2020/5/29,0
宁夏,2020/5/3,0
宁夏,2020/5/30,0
宁夏,2020/5/31,0
宁夏,2020/5/4,0
宁夏,2020/5/5,0
宁夏,2020/5/6,0
宁夏,2020/5/7,0
宁夏,2020/5/8,0
宁夏,2020/5/9,0
宁夏,2020/6/1,0
宁夏,2020/6/10,0
宁夏,2020/6/11,0
宁夏,2020/6/12,0
宁夏,2020/6/13,0
宁夏,2020/6/14,0
宁夏,2020/6/15,0
宁夏,2020/6/16,0
宁夏,2020/6/17,0
宁夏,2020/6/18,0
宁夏,2020/6/19,0
宁夏,2020/6/2,0
宁夏,2020/6/20,0
宁夏,2020/6/21,0
宁夏,2020/6/22,0
宁夏,2020/6/23,0
宁夏,2020/6/24,0
宁夏,2020/6/25,0
宁夏,2020/6/26,0
宁夏,2020/6/27,0
宁夏,2020/6/28,0
宁夏,2020/6/29,0
宁夏,2020/6/3,0
宁夏,2020/6/30,0
宁夏,2020/6/4,0
宁夏,2020/6/5,0
宁夏,2020/6/6,0
宁夏,2020/6/7,0
宁夏,2020/6/8,0
宁夏,2020/6/9,0
安徽,2020/1/21,1
安徽,2020/1/22,9
安徽,2020/1/23,15
安徽,2020/1/24,39
安徽,2020/1/25,60
安徽,2020/1/26,70
安徽,2020/1/27,106
安徽,2020/1/28,152
安徽,2020/1/29,198
安徽,2020/1/30,234
安徽,2020/1/31,294
安徽,2020/2/1,335
安徽,2020/2/10,767
安徽,2020/2/11,776
安徽,2020/2/12,777
安徽,2020/2/13,762
安徽,2020/2/14,746
安徽,2020/2/15,724
安徽,2020/2/16,701
安徽,2020/2/17,683
安徽,2020/2/18,619
安徽,2020/2/19,557
安徽,2020/2/2,401
安徽,2020/2/20,482
安徽,2020/2/21,416
安徽,2020/2/22,363
安徽,2020/2/23,335
安徽,2020/2/24,291
安徽,2020/2/25,256
安徽,2020/2/26,219
安徽,2020/2/27,170
安徽,2020/2/28,142
安徽,2020/2/29,116
安徽,2020/2/3,466
安徽,2020/2/4,510
安徽,2020/2/5,568
安徽,2020/2/6,631
安徽,2020/2/7,686
安徽,2020/2/8,719
安徽,2020/2/9,754
安徽,2020/3/1,96
安徽,2020/3/10,0
安徽,2020/3/11,0
安徽,2020/3/12,0
安徽,2020/3/13,0
安徽,2020/3/14,0
安徽,2020/3/15,0
安徽,2020/3/16,0
安徽,2020/3/17,0
安徽,2020/3/18,0
安徽,2020/3/19,0
安徽,2020/3/2,67
安徽,2020/3/20,0
安徽,2020/3/21,0
安徽,2020/3/22,0
安徽,2020/3/23,0
安徽,2020/3/24,0
安徽,2020/3/25,0
安徽,2020/3/26,0
安徽,2020/3/27,0
安徽,2020/3/28,0
安徽,2020/3/29,0
安徽,2020/3/3,43
安徽,2020/3/30,0
安徽,2020/3/31,0
安徽,2020/3/4,28
安徽,2020/3/5,14
安徽,2020/3/6,5
安徽,2020/3/7,3
安徽,2020/3/8,0
安徽,2020/3/9,0
安徽,2020/4/1,0
安徽,2020/4/10,1
安徽,2020/4/11,1
安徽,2020/4/12,1
安徽,2020/4/13,1
安徽,2020/4/14,1
安徽,2020/4/15,1
安徽,2020/4/16,1
安徽,2020/4/17,1
安徽,2020/4/18,1
安徽,2020/4/19,1
安徽,2020/4/2,0
安徽,2020/4/20,1
安徽,2020/4/21,1
安徽,2020/4/22,1
安徽,2020/4/23,1
安徽,2020/4/24,0
安徽,2020/4/25,0
安徽,2020/4/26,0
安徽,2020/4/27,0
安徽,2020/4/28,0
安徽,2020/4/29,0
安徽,2020/4/3,0
安徽,2020/4/30,0
安徽,2020/4/4,0
安徽,2020/4/5,0
安徽,2020/4/6,0
安徽,2020/4/7,0
安徽,2020/4/8,1
安徽,2020/4/9,1
安徽,2020/5/1,0
安徽,2020/5/10,0
安徽,2020/5/11,0
安徽,2020/5/12,0
安徽,2020/5/13,0
安徽,2020/5/14,0
安徽,2020/5/15,0
安徽,2020/5/16,0
安徽,2020/5/17,0
安徽,2020/5/18,0
安徽,2020/5/19,0
安徽,2020/5/2,0
安徽,2020/5/20,0
安徽,2020/5/21,0
安徽,2020/5/22,0
安徽,2020/5/23,0
安徽,2020/5/24,0
安徽,2020/5/25,0
安徽,2020/5/26,0
安徽,2020/5/27,0
安徽,2020/5/28,0
安徽,2020/5/29,0
安徽,2020/5/3,0
安徽,2020/5/30,0
安徽,2020/5/31,0
安徽,2020/5/4,0
安徽,2020/5/5,0
安徽,2020/5/6,0
安徽,2020/5/7,0
安徽,2020/5/8,0
安徽,2020/5/9,0
安徽,2020/6/1,0
安徽,2020/6/10,0
安徽,2020/6/11,0
安徽,2020/6/12,0
安徽,2020/6/13,0
安徽,2020/6/14,0
安徽,2020/6/15,0
安徽,2020/6/16,0
安徽,2020/6/17,0
安徽,2020/6/18,0
安徽,2020/6/19,0
安徽,2020/6/2,0
安徽,2020/6/20,0
安徽,2020/6/21,0
安徽,2020/6/22,0
安徽,2020/6/23,0
安徽,2020/6/24,0
安徽,2020/6/25,0
安徽,2020/6/26,0
安徽,2020/6/27,0
安徽,2020/6/28,0
安徽,2020/6/29,0
安徽,2020/6/3,0
安徽,2020/6/30,0
安徽,2020/6/4,0
安徽,2020/6/5,0
安徽,2020/6/6,0
安徽,2020/6/7,0
安徽,2020/6/8,0
安徽,2020/6/9,0
山东,2020/1/21,2
山东,2020/1/22,6
山东,2020/1/23,9
山东,2020/1/24,21
山东,2020/1/25,39
山东,2020/1/26,63
山东,2020/1/27,87
山东,2020/1/28,121
山东,2020/1/29,144
山东,2020/1/30,176
山东,2020/1/31,200
山东,2020/2/1,220
山东,2020/2/10,414
山东,2020/2/11,416
山东,2020/2/12,406
山东,2020/2/13,406
山东,2020/2/14,389
山东,2020/2/15,371
山东,2020/2/16,364
山东,2020/2/17,378
山东,2020/2/18,376
山东,2020/2/19,369
山东,2020/2/2,240
山东,2020/2/20,339
山东,2020/2/21,318
山东,2020/2/22,304
山东,2020/2/23,291
山东,2020/2/24,281
山东,2020/2/25,268
山东,2020/2/26,264
山东,2020/2/27,255
山东,2020/2/28,269
山东,2020/2/29,292
山东,2020/2/3,263
山东,2020/2/4,285
山东,2020/2/5,325
山东,2020/2/6,348
山东,2020/2/7,369
山东,2020/2/8,385
山东,2020/2/9,395
山东,2020/3/1,270
山东,2020/3/10,32
山东,2020/3/11,21
山东,2020/3/12,14
山东,2020/3/13,13
山东,2020/3/14,12
山东,2020/3/15,10
山东,2020/3/16,8
山东,2020/3/17,8
山东,2020/3/18,7
山东,2020/3/19,7
山东,2020/3/2,251
山东,2020/3/20,8
山东,2020/3/21,8
山东,2020/3/22,9
山东,2020/3/23,9
山东,2020/3/24,10
山东,2020/3/25,10
山东,2020/3/26,12
山东,2020/3/27,13
山东,2020/3/28,13
山东,2020/3/29,13
山东,2020/3/3,241
山东,2020/3/30,14
山东,2020/3/31,14
山东,2020/3/4,176
山东,2020/3/5,150
山东,2020/3/6,127
山东,2020/3/7,115
山东,2020/3/8,105
山东,2020/3/9,49
山东,2020/4/1,15
山东,2020/4/10,20
山东,2020/4/11,20
山东,2020/4/12,19
山东,2020/4/13,18
山东,2020/4/14,16
山东,2020/4/15,16
山东,2020/4/16,19
山东,2020/4/17,15
山东,2020/4/18,15
山东,2020/4/19,15
山东,2020/4/2,17
山东,2020/4/20,15
山东,2020/4/21,14
山东,2020/4/22,14
山东,2020/4/23,14
山东,2020/4/24,13
山东,2020/4/25,13
山东,2020/4/26,12
山东,2020/4/27,12
山东,2020/4/28,9
山东,2020/4/29,8
山东,2020/4/3,16
山东,2020/4/30,8
山东,2020/4/4,17
山东,2020/4/5,18
山东,2020/4/6,19
山东,2020/4/7,21
山东,2020/4/8,20
山东,2020/4/9,20
山东,2020/5/1,8
山东,2020/5/10,4
山东,2020/5/11,4
山东,2020/5/12,4
山东,2020/5/13,4
山东,2020/5/14,3
山东,2020/5/15,1
山东,2020/5/16,1
山东,2020/5/17,1
山东,2020/5/18,1
山东,2020/5/19,1
山东,2020/5/2,8
山东,2020/5/20,1
山东,2020/5/21,1
山东,2020/5/22,1
山东,2020/5/23,1
山东,2020/5/24,1
山东,2020/5/25,1
山东,2020/5/26,1
山东,2020/5/27,1
山东,2020/5/28,1
山东,2020/5/29,3
山东,2020/5/3,8
山东,2020/5/30,5
山东,2020/5/31,5
山东,2020/5/4,8
山东,2020/5/5,6
山东,2020/5/6,6
山东,2020/5/7,5
山东,2020/5/8,5
山东,2020/5/9,5
山东,2020/6/1,5
山东,2020/6/10,4
山东,2020/6/11,4
山东,2020/6/12,4
山东,2020/6/13,3
山东,2020/6/14,3
山东,2020/6/15,2
山东,2020/6/16,2
山东,2020/6/17,2
山东,2020/6/18,2
山东,2020/6/19,0
山东,2020/6/2,5
山东,2020/6/20,0
山东,2020/6/21,0
山东,2020/6/22,0
山东,2020/6/23,0
山东,2020/6/24,0
山东,2020/6/25,0
山东,2020/6/26,0
山东,2020/6/27,0
山东,2020/6/28,0
山东,2020/6/29,0
山东,2020/6/3,5
山东,2020/6/30,0
山东,2020/6/4,5
山东,2020/6/5,5
山东,2020/6/6,5
山东,2020/6/7,4
山东,2020/6/8,4
山东,2020/6/9,4
山西,2020/1/22,1
山西,2020/1/23,1
山西,2020/1/24,6
山西,2020/1/25,8
山西,2020/1/26,12
山西,2020/1/27,19
山西,2020/1/28,26
山西,2020/1/29,33
山西,2020/1/30,37
山西,2020/1/31,45
山西,2020/2/1,54
山西,2020/2/10,95
山西,2020/2/11,93
山西,2020/2/12,92
山西,2020/2/13,89
山西,2020/2/14,88
山西,2020/2/15,82
山西,2020/2/16,79
山西,2020/2/17,77
山西,2020/2/18,70
山西,2020/2/19,63
山西,2020/2/2,63
山西,2020/2/20,56
山西,2020/2/21,54
山西,2020/2/22,51
山西,2020/2/23,44
山西,2020/2/24,39
山西,2020/2/25,35
山西,2020/2/26,29
山西,2020/2/27,26
山西,2020/2/28,21
山西,2020/2/29,19
山西,2020/2/3,71
山西,2020/2/4,76
山西,2020/2/5,83
山西,2020/2/6,83
山西,2020/2/7,88
山西,2020/2/8,93
山西,2020/2/9,93
山西,2020/3/1,17
山西,2020/3/10,2
山西,2020/3/11,2
山西,2020/3/12,1
山西,2020/3/13,0
山西,2020/3/14,0
山西,2020/3/15,0
山西,2020/3/16,0
山西,2020/3/17,0
山西,2020/3/18,0
山西,2020/3/19,0
山西,2020/3/2,14
山西,2020/3/20,0
山西,2020/3/21,0
山西,2020/3/22,0
山西,2020/3/23,1
山西,2020/3/24,1
山西,2020/3/25,2
山西,2020/3/26,2
山西,2020/3/27,2
山西,2020/3/28,3
山西,2020/3/29,3
山西,2020/3/3,9
山西,2020/3/30,3
山西,2020/3/31,4
山西,2020/3/4,9
山西,2020/3/5,7
山西,2020/3/6,7
山西,2020/3/7,7
山西,2020/3/8,7
山西,2020/3/9,6
山西,2020/4/1,4
山西,2020/4/10,37
山西,2020/4/11,37
山西,2020/4/12,38
山西,2020/4/13,38
山西,2020/4/14,51
山西,2020/4/15,59
山西,2020/4/16,62
山西,2020/4/17,62
山西,2020/4/18,62
山西,2020/4/19,62
山西,2020/4/2,4
山西,2020/4/20,57
山西,2020/4/21,57
山西,2020/4/22,55
山西,2020/4/23,55
山西,2020/4/24,48
山西,2020/4/25,43
山西,2020/4/26,40
山西,2020/4/27,37
山西,2020/4/28,37
山西,2020/4/29,33
山西,2020/4/3,4
山西,2020/4/30,25
山西,2020/4/4,5
山西,2020/4/5,5
山西,2020/4/6,5
山西,2020/4/7,29
山西,2020/4/8,32
山西,2020/4/9,34
山西,2020/5/1,21
山西,2020/5/10,1
山西,2020/5/11,1
山西,2020/5/12,0
山西,2020/5/13,0
山西,2020/5/14,0
山西,2020/5/15,0
山西,2020/5/16,0
山西,2020/5/17,0
山西,2020/5/18,0
山西,2020/5/19,0
山西,2020/5/2,22
山西,2020/5/20,0
山西,2020/5/21,0
山西,2020/5/22,0
山西,2020/5/23,0
山西,2020/5/24,0
山西,2020/5/25,0
山西,2020/5/26,0
山西,2020/5/27,0
山西,2020/5/28,0
山西,2020/5/29,0
山西,2020/5/3,18
山西,2020/5/30,0
山西,2020/5/31,0
山西,2020/5/4,8
山西,2020/5/5,5
山西,2020/5/6,4
山西,2020/5/7,3
山西,2020/5/8,2
山西,2020/5/9,1
山西,2020/6/1,0
山西,2020/6/10,0
山西,2020/6/11,0
山西,2020/6/12,0
山西,2020/6/13,0
山西,2020/6/14,0
山西,2020/6/15,0
山西,2020/6/16,0
山西,2020/6/17,0
山西,2020/6/18,0
山西,2020/6/19,0
山西,2020/6/2,0
山西,2020/6/20,0
山西,2020/6/21,0
山西,2020/6/22,0
山西,2020/6/23,0
山西,2020/6/24,0
山西,2020/6/25,0
山西,2020/6/26,0
山西,2020/6/27,0
山西,2020/6/28,0
山西,2020/6/29,0
山西,2020/6/3,0
山西,2020/6/30,0
山西,2020/6/4,0
山西,2020/6/5,0
山西,2020/6/6,0
山西,2020/6/7,0
山西,2020/6/8,0
山西,2020/6/9,0
广东,2020/1/19,1
广东,2020/1/20,14
广东,2020/1/21,26
广东,2020/1/22,32
广东,2020/1/23,51
广东,2020/1/24,76
广东,2020/1/25,96
广东,2020/1/26,144
广东,2020/1/27,184
广东,2020/1/28,236
广东,2020/1/29,305
广东,2020/1/30,384
广东,2020/1/31,507
广东,2020/2/1,590
广东,2020/2/10,996
广东,2020/2/11,978
广东,2020/2/12,958
广东,2020/2/13,929
广东,2020/2/14,908
广东,2020/2/15,880
广东,2020/2/16,848
广东,2020/2/17,792
广东,2020/2/18,754
广东,2020/2/19,709
广东,2020/2/2,668
广东,2020/2/20,665
广东,2020/2/21,620
广东,2020/2/22,604
广东,2020/2/23,574
广东,2020/2/24,547
广东,2020/2/25,508
广东,2020/2/26,477
广东,2020/2/27,446
广东,2020/2/28,420
广东,2020/2/29,394
广东,2020/2/3,777
广东,2020/2/4,837
广东,2020/2/5,894
广东,2020/2/6,947
广东,2020/2/7,976
广东,2020/2/8,995
广东,2020/2/9,1004
广东,2020/3/1,338
广东,2020/3/10,80
广东,2020/3/11,75
广东,2020/3/12,68
广东,2020/3/13,64
广东,2020/3/14,62
广东,2020/3/15,61
广东,2020/3/16,64
广东,2020/3/17,67
广东,2020/3/18,71
广东,2020/3/19,85
广东,2020/3/2,309
广东,2020/3/20,89
广东,2020/3/21,97
广东,2020/3/22,102
广东,2020/3/23,114
广东,2020/3/24,118
广东,2020/3/25,127
广东,2020/3/26,139
广东,2020/3/27,146
广东,2020/3/28,146
广东,2020/3/29,152
广东,2020/3/3,236
广东,2020/3/30,156
广东,2020/3/31,163
广东,2020/3/4,211
广东,2020/3/5,163
广东,2020/3/6,137
广东,2020/3/7,119
广东,2020/3/8,105
广东,2020/3/9,96
广东,2020/4/1,161
广东,2020/4/10,148
广东,2020/4/11,152
广东,2020/4/12,155
广东,2020/4/13,164
广东,2020/4/14,166
广东,2020/4/15,171
广东,2020/4/16,177
广东,2020/4/17,179
广东,2020/4/18,180
广东,2020/4/19,181
广东,2020/4/2,165
广东,2020/4/20,182
广东,2020/4/21,182
广东,2020/4/22,184
广东,2020/4/23,185
广东,2020/4/24,185
广东,2020/4/25,186
广东,2020/4/26,187
广东,2020/4/27,187
广东,2020/4/28,188
广东,2020/4/29,188
广东,2020/4/3,157
广东,2020/4/30,188
广东,2020/4/4,159
广东,2020/4/5,160
广东,2020/4/6,155
广东,2020/4/7,148
广东,2020/4/8,139
广东,2020/4/9,144
广东,2020/5/1,188
广东,2020/5/10,189
广东,2020/5/11,189
广东,2020/5/12,189
广东,2020/5/13,189
广东,2020/5/14,189
广东,2020/5/15,189
广东,2020/5/16,190
广东,2020/5/17,190
广东,2020/5/18,190
广东,2020/5/19,190
广东,2020/5/2,188
广东,2020/5/20,191
广东,2020/5/21,191
广东,2020/5/22,191
广东,2020/5/23,192
广东,2020/5/24,192
广东,2020/5/25,192
广东,2020/5/26,192
广东,2020/5/27,192
广东,2020/5/28,192
广东,2020/5/29,193
广东,2020/5/3,188
广东,2020/5/30,193
广东,2020/5/31,195
广东,2020/5/4,188
广东,2020/5/5,188
广东,2020/5/6,189
广东,2020/5/7,189
广东,2020/5/8,189
广东,2020/5/9,189
广东,2020/6/1,196
广东,2020/6/10,205
广东,2020/6/11,205
广东,2020/6/12,206
广东,2020/6/13,223
广东,2020/6/14,223
广东,2020/6/15,226
广东,2020/6/16,226
广东,2020/6/17,226
广东,2020/6/18,229
广东,2020/6/19,232
广东,2020/6/2,197
广东,2020/6/20,232
广东,2020/6/21,232
广东,2020/6/22,232
广东,2020/6/23,232
广东,2020/6/24,233
广东,2020/6/25,233
广东,2020/6/26,233
广东,2020/6/27,233
广东,2020/6/28,233
广东,2020/6/29,233
广东,2020/6/3,198
广东,2020/6/30,233
广东,2020/6/4,198
广东,2020/6/5,201
广东,2020/6/6,202
广东,2020/6/7,202
广东,2020/6/8,204
广东,2020/6/9,203
广西,2020/1/22,5
广西,2020/1/23,13
广西,2020/1/24,23
广西,2020/1/25,33
广西,2020/1/26,46
广西,2020/1/27,51
广西,2020/1/28,56
广西,2020/1/29,76
广西,2020/1/30,85
广西,2020/1/31,98
广西,2020/2/1,109
广西,2020/2/10,184
广西,2020/2/11,190
广西,2020/2/12,187
广西,2020/2/13,189
广西,2020/2/14,193
广西,2020/2/15,189
广西,2020/2/16,185
广西,2020/2/17,182
广西,2020/2/18,166
广西,2020/2/19,156
广西,2020/2/2,125
广西,2020/2/20,149
广西,2020/2/21,148
广西,2020/2/22,143
广西,2020/2/23,142
广西,2020/2/24,121
广西,2020/2/25,112
广西,2020/2/26,91
广西,2020/2/27,84
广西,2020/2/28,78
广西,2020/2/29,71
广西,2020/2/3,132
广西,2020/2/4,140
广西,2020/2/5,154
广西,2020/2/6,155
广西,2020/2/7,166
广西,2020/2/8,176
广西,2020/2/9,191
广西,2020/3/1,62
广西,2020/3/10,13
广西,2020/3/11,9
广西,2020/3/12,7
广西,2020/3/13,7
广西,2020/3/14,7
广西,2020/3/15,3
广西,2020/3/16,3
广西,2020/3/17,3
广西,2020/3/18,3
广西,2020/3/19,4
广西,2020/3/2,48
广西,2020/3/20,4
广西,2020/3/21,4
广西,2020/3/22,4
广西,2020/3/23,4
广西,2020/3/24,4
广西,2020/3/25,4
广西,2020/3/26,4
广西,2020/3/27,4
广西,2020/3/28,4
广西,2020/3/29,4
广西,2020/3/3,40
广西,2020/3/30,4
广西,2020/3/31,4
广西,2020/3/4,37
广西,2020/3/5,33
广西,2020/3/6,31
广西,2020/3/7,27
广西,2020/3/8,20
广西,2020/3/9,16
广西,2020/4/1,2
广西,2020/4/10,2
广西,2020/4/11,2
广西,2020/4/12,2
广西,2020/4/13,2
广西,2020/4/14,2
广西,2020/4/15,2
广西,2020/4/16,2
广西,2020/4/17,2
广西,2020/4/18,2
广西,2020/4/19,2
广西,2020/4/2,2
广西,2020/4/20,2
广西,2020/4/21,2
广西,2020/4/22,2
广西,2020/4/23,2
广西,2020/4/24,2
广西,2020/4/25,2
广西,2020/4/26,2
广西,2020/4/27,2
广西,2020/4/28,2
广西,2020/4/29,2
广西,2020/4/3,2
广西,2020/4/30,2
广西,2020/4/4,2
广西,2020/4/5,2
广西,2020/4/6,2
广西,2020/4/7,2
广西,2020/4/8,2
广西,2020/4/9,2
广西,2020/5/1,2
广西,2020/5/10,2
广西,2020/5/11,2
广西,2020/5/12,2
广西,2020/5/13,2
广西,2020/5/14,2
广西,2020/5/15,2
广西,2020/5/16,2
广西,2020/5/17,2
广西,2020/5/18,2
广西,2020/5/19,2
广西,2020/5/2,2
广西,2020/5/20,2
广西,2020/5/21,2
广西,2020/5/22,2
广西,2020/5/23,2
广西,2020/5/24,2
广西,2020/5/25,2
广西,2020/5/26,2
广西,2020/5/27,2
广西,2020/5/28,2
广西,2020/5/29,2
广西,2020/5/3,2
广西,2020/5/30,2
广西,2020/5/31,2
广西,2020/5/4,2
广西,2020/5/5,2
广西,2020/5/6,2
广西,2020/5/7,2
广西,2020/5/8,2
广西,2020/5/9,2
广西,2020/6/1,2
广西,2020/6/10,2
广西,2020/6/11,2
广西,2020/6/12,2
广西,2020/6/13,2
广西,2020/6/14,2
广西,2020/6/15,2
广西,2020/6/16,2
广西,2020/6/17,2
广西,2020/6/18,2
广西,2020/6/19,2
广西,2020/6/2,2
广西,2020/6/20,2
广西,2020/6/21,2
广西,2020/6/22,2
广西,2020/6/23,2
广西,2020/6/24,2
广西,2020/6/25,2
广西,2020/6/26,2
广西,2020/6/27,2
广西,2020/6/28,2
广西,2020/6/29,2
广西,2020/6/3,2
广西,2020/6/30,2
广西,2020/6/4,2
广西,2020/6/5,2
广西,2020/6/6,2
广西,2020/6/7,2
广西,2020/6/8,2
广西,2020/6/9,2
新疆,2020/1/23,2
新疆,2020/1/24,3
新疆,2020/1/25,4
新疆,2020/1/26,5
新疆,2020/1/27,10
新疆,2020/1/28,13
新疆,2020/1/29,14
新疆,2020/1/30,17
新疆,2020/1/31,18
新疆,2020/2/1,21
新疆,2020/2/10,55
新疆,2020/2/11,56
新疆,2020/2/12,59
新疆,2020/2/13,58
新疆,2020/2/14,63
新疆,2020/2/15,59
新疆,2020/2/16,62
新疆,2020/2/17,63
新疆,2020/2/18,61
新疆,2020/2/19,55
新疆,2020/2/2,24
新疆,2020/2/20,53
新疆,2020/2/21,50
新疆,2020/2/22,49
新疆,2020/2/23,46
新疆,2020/2/24,44
新疆,2020/2/25,44
新疆,2020/2/26,40
新疆,2020/2/27,30
新疆,2020/2/28,21
新疆,2020/2/29,11
新疆,2020/2/3,29
新疆,2020/2/4,32
新疆,2020/2/5,36
新疆,2020/2/6,39
新疆,2020/2/7,42
新疆,2020/2/8,45
新疆,2020/2/9,49
新疆,2020/3/1,9
新疆,2020/3/10,0
新疆,2020/3/11,0
新疆,2020/3/12,0
新疆,2020/3/13,0
新疆,2020/3/14,0
新疆,2020/3/15,0
新疆,2020/3/16,0
新疆,2020/3/17,0
新疆,2020/3/18,0
新疆,2020/3/19,0
新疆,2020/3/2,6
新疆,2020/3/20,0
新疆,2020/3/21,0
新疆,2020/3/22,0
新疆,2020/3/23,0
新疆,2020/3/24,0
新疆,2020/3/25,0
新疆,2020/3/26,0
新疆,2020/3/27,0
新疆,2020/3/28,0
新疆,2020/3/29,0
新疆,2020/3/3,5
新疆,2020/3/30,0
新疆,2020/3/31,0
新疆,2020/3/4,4
新疆,2020/3/5,3
新疆,2020/3/6,2
新疆,2020/3/7,1
新疆,2020/3/8,0
新疆,2020/3/9,0
新疆,2020/4/1,0
新疆,2020/4/10,0
新疆,2020/4/11,0
新疆,2020/4/12,0
新疆,2020/4/13,0
新疆,2020/4/14,0
新疆,2020/4/15,0
新疆,2020/4/16,0
新疆,2020/4/17,0
新疆,2020/4/18,0
新疆,2020/4/19,0
新疆,2020/4/2,0
新疆,2020/4/20,0
新疆,2020/4/21,0
新疆,2020/4/22,0
新疆,2020/4/23,0
新疆,2020/4/24,0
新疆,2020/4/25,0
新疆,2020/4/26,0
新疆,2020/4/27,0
新疆,2020/4/28,0
新疆,2020/4/29,0
新疆,2020/4/3,0
新疆,2020/4/30,0
新疆,2020/4/4,0
新疆,2020/4/5,0
新疆,2020/4/6,0
新疆,2020/4/7,0
新疆,2020/4/8,0
新疆,2020/4/9,0
新疆,2020/5/1,0
新疆,2020/5/10,0
新疆,2020/5/11,0
新疆,2020/5/12,0
新疆,2020/5/13,0
新疆,2020/5/14,0
新疆,2020/5/15,0
新疆,2020/5/16,0
新疆,2020/5/17,0
新疆,2020/5/18,0
新疆,2020/5/19,0
新疆,2020/5/2,0
新疆,2020/5/20,0
新疆,2020/5/21,0
新疆,2020/5/22,0
新疆,2020/5/23,0
新疆,2020/5/24,0
新疆,2020/5/25,0
新疆,2020/5/26,0
新疆,2020/5/27,0
新疆,2020/5/28,0
新疆,2020/5/29,0
新疆,2020/5/3,0
新疆,2020/5/30,0
新疆,2020/5/31,0
新疆,2020/5/4,0
新疆,2020/5/5,0
新疆,2020/5/6,0
新疆,2020/5/7,0
新疆,2020/5/8,0
新疆,2020/5/9,0
新疆,2020/6/1,0
新疆,2020/6/10,0
新疆,2020/6/11,0
新疆,2020/6/12,0
新疆,2020/6/13,0
新疆,2020/6/14,0
新疆,2020/6/15,0
新疆,2020/6/16,0
新疆,2020/6/17,0
新疆,2020/6/18,0
新疆,2020/6/19,0
新疆,2020/6/2,0
新疆,2020/6/20,0
新疆,2020/6/21,0
新疆,2020/6/22,0
新疆,2020/6/23,0
新疆,2020/6/24,0
新疆,2020/6/25,0
新疆,2020/6/26,0
新疆,2020/6/27,0
新疆,2020/6/28,0
新疆,2020/6/29,0
新疆,2020/6/3,0
新疆,2020/6/30,0
新疆,2020/6/4,0
新疆,2020/6/5,0
新疆,2020/6/6,0
新疆,2020/6/7,0
新疆,2020/6/8,0
新疆,2020/6/9,0
江苏,2020/1/22,1
江苏,2020/1/23,9
江苏,2020/1/24,17
江苏,2020/1/25,30
江苏,2020/1/26,46
江苏,2020/1/27,69
江苏,2020/1/28,98
江苏,2020/1/29,128
江苏,2020/1/30,166
江苏,2020/1/31,197
江苏,2020/2/1,230
江苏,2020/2/10,431
江苏,2020/2/11,449
江苏,2020/2/12,439
江苏,2020/2/13,456
江苏,2020/2/14,444
江苏,2020/2/15,427
江苏,2020/2/16,400
江苏,2020/2/17,366
江苏,2020/2/18,335
江苏,2020/2/19,306
江苏,2020/2/2,264
江苏,2020/2/20,279
江苏,2020/2/21,244
江苏,2020/2/22,220
江苏,2020/2/23,204
江苏,2020/2/24,173
江苏,2020/2/25,168
江苏,2020/2/26,137
江苏,2020/2/27,125
江苏,2020/2/28,112
江苏,2020/2/29,102
江苏,2020/2/3,300
江苏,2020/2/4,328
江苏,2020/2/5,347
江苏,2020/2/6,370
江苏,2020/2/7,396
江苏,2020/2/8,417
江苏,2020/2/9,420
江苏,2020/3/1,95
江苏,2020/3/10,4
江苏,2020/3/11,3
江苏,2020/3/12,1
江苏,2020/3/13,1
江苏,2020/3/14,1
江苏,2020/3/15,1
江苏,2020/3/16,1
江苏,2020/3/17,1
江苏,2020/3/18,1
江苏,2020/3/19,1
江苏,2020/3/2,76
江苏,2020/3/20,1
江苏,2020/3/21,3
江苏,2020/3/22,3
江苏,2020/3/23,6
江苏,2020/3/24,8
江苏,2020/3/25,10
江苏,2020/3/26,11
江苏,2020/3/27,11
江苏,2020/3/28,14
江苏,2020/3/29,15
江苏,2020/3/3,66
江苏,2020/3/30,16
江苏,2020/3/31,16
江苏,2020/3/4,51
江苏,2020/3/5,43
江苏,2020/3/6,30
江苏,2020/3/7,21
江苏,2020/3/8,13
江苏,2020/3/9,9
江苏,2020/4/1,17
江苏,2020/4/10,17
江苏,2020/4/11,16
江苏,2020/4/12,16
江苏,2020/4/13,13
江苏,2020/4/14,12
江苏,2020/4/15,12
江苏,2020/4/16,11
江苏,2020/4/17,11
江苏,2020/4/18,11
江苏,2020/4/19,11
江苏,2020/4/2,20
江苏,2020/4/20,10
江苏,2020/4/21,9
江苏,2020/4/22,9
江苏,2020/4/23,8
江苏,2020/4/24,8
江苏,2020/4/25,8
江苏,2020/4/26,8
江苏,2020/4/27,8
江苏,2020/4/28,7
江苏,2020/4/29,6
江苏,2020/4/3,20
江苏,2020/4/30,4
江苏,2020/4/4,19
江苏,2020/4/5,19
江苏,2020/4/6,19
江苏,2020/4/7,19
江苏,2020/4/8,19
江苏,2020/4/9,18
江苏,2020/5/1,4
江苏,2020/5/10,1
江苏,2020/5/11,1
江苏,2020/5/12,1
江苏,2020/5/13,1
江苏,2020/5/14,1
江苏,2020/5/15,1
江苏,2020/5/16,1
江苏,2020/5/17,1
江苏,2020/5/18,1
江苏,2020/5/19,1
江苏,2020/5/2,4
江苏,2020/5/20,1
江苏,2020/5/21,1
江苏,2020/5/22,1
江苏,2020/5/23,1
江苏,2020/5/24,1
江苏,2020/5/25,1
江苏,2020/5/26,1
江苏,2020/5/27,1
江苏,2020/5/28,1
江苏,2020/5/29,1
江苏,2020/5/3,4
江苏,2020/5/30,1
江苏,2020/5/31,1
江苏,2020/5/4,4
江苏,2020/5/5,4
江苏,2020/5/6,3
江苏,2020/5/7,2
江苏,2020/5/8,2
江苏,2020/5/9,2
江苏,2020/6/1,1
江苏,2020/6/10,1
江苏,2020/6/11,1
江苏,2020/6/12,1
江苏,2020/6/13,1
江苏,2020/6/14,1
江苏,2020/6/15,1
江苏,2020/6/16,1
江苏,2020/6/17,1
江苏,2020/6/18,1
江苏,2020/6/19,1
江苏,2020/6/2,1
江苏,2020/6/20,1
江苏,2020/6/21,1
江苏,2020/6/22,1
江苏,2020/6/23,1
江苏,2020/6/24,1
江苏,2020/6/25,1
江苏,2020/6/26,1
江苏,2020/6/27,1
江苏,2020/6/28,1
江苏,2020/6/29,1
江苏,2020/6/3,1
江苏,2020/6/30,1
江苏,2020/6/4,1
江苏,2020/6/5,1
江苏,2020/6/6,1
江苏,2020/6/7,1
江苏,2020/6/8,1
江苏,2020/6/9,1
江西,2020/1/21,2
江西,2020/1/22,3
江西,2020/1/23,7
江西,2020/1/24,18
江西,2020/1/25,36
江西,2020/1/26,48
江西,2020/1/27,70
江西,2020/1/28,106
江西,2020/1/29,159
江西,2020/1/30,233
江西,2020/1/31,277
江西,2020/2/1,323
江西,2020/2/10,676
江西,2020/2/11,691
江西,2020/2/12,701
江西,2020/2/13,712
江西,2020/2/14,702
江西,2020/2/15,685
江西,2020/2/16,655
江西,2020/2/17,623
江西,2020/2/18,571
江西,2020/2/19,502
江西,2020/2/2,373
江西,2020/2/20,445
江西,2020/2/21,390
江西,2020/2/22,323
江西,2020/2/23,289
江西,2020/2/24,251
江西,2020/2/25,214
江西,2020/2/26,179
江西,2020/2/27,144
江西,2020/2/28,123
江西,2020/2/29,103
江西,2020/2/3,457
江西,2020/2/4,521
江西,2020/2/5,563
江西,2020/2/6,616
江西,2020/2/7,643
江西,2020/2/8,667
江西,2020/2/9,668
江西,2020/3/1,84
江西,2020/3/10,2
江西,2020/3/11,0
江西,2020/3/12,0
江西,2020/3/13,0
江西,2020/3/14,0
江西,2020/3/15,0
江西,2020/3/16,0
江西,2020/3/17,0
江西,2020/3/18,0
江西,2020/3/19,0
江西,2020/3/2,64
江西,2020/3/20,0
江西,2020/3/21,1
江西,2020/3/22,1
江西,2020/3/23,1
江西,2020/3/24,1
江西,2020/3/25,1
江西,2020/3/26,1
江西,2020/3/27,1
江西,2020/3/28,2
江西,2020/3/29,1
江西,2020/3/3,50
江西,2020/3/30,1
江西,2020/3/31,1
江西,2020/3/4,33
江西,2020/3/5,26
江西,2020/3/6,18
江西,2020/3/7,16
江西,2020/3/8,11
江西,2020/3/9,7
江西,2020/4/1,1
江西,2020/4/10,0
江西,2020/4/11,0
江西,2020/4/12,0
江西,2020/4/13,0
江西,2020/4/14,0
江西,2020/4/15,0
江西,2020/4/16,0
江西,2020/4/17,0
江西,2020/4/18,0
江西,2020/4/19,0
江西,2020/4/2,1
江西,2020/4/20,0
江西,2020/4/21,0
江西,2020/4/22,0
江西,2020/4/23,0
江西,2020/4/24,0
江西,2020/4/25,0
江西,2020/4/26,0
江西,2020/4/27,0
江西,2020/4/28,0
江西,2020/4/29,0
江西,2020/4/3,1
江西,2020/4/30,0
江西,2020/4/4,1
江西,2020/4/5,1
江西,2020/4/6,1
江西,2020/4/7,1
江西,2020/4/8,1
江西,2020/4/9,0
江西,2020/5/1,0
江西,2020/5/10,0
江西,2020/5/11,0
江西,2020/5/12,0
江西,2020/5/13,0
江西,2020/5/14,0
江西,2020/5/15,0
江西,2020/5/16,0
江西,2020/5/17,0
江西,2020/5/18,0
江西,2020/5/19,0
江西,2020/5/2,0
江西,2020/5/20,0
江西,2020/5/21,0
江西,2020/5/22,0
江西,2020/5/23,0
江西,2020/5/24,0
江西,2020/5/25,0
江西,2020/5/26,0
江西,2020/5/27,0
江西,2020/5/28,0
江西,2020/5/29,0
江西,2020/5/3,0
江西,2020/5/30,0
江西,2020/5/31,0
江西,2020/5/4,0
江西,2020/5/5,0
江西,2020/5/6,0
江西,2020/5/7,0
江西,2020/5/8,0
江西,2020/5/9,0
江西,2020/6/1,0
江西,2020/6/10,0
江西,2020/6/11,0
江西,2020/6/12,0
江西,2020/6/13,0
江西,2020/6/14,0
江西,2020/6/15,0
江西,2020/6/16,0
江西,2020/6/17,0
江西,2020/6/18,0
江西,2020/6/19,0
江西,2020/6/2,0
江西,2020/6/20,0
江西,2020/6/21,0
江西,2020/6/22,0
江西,2020/6/23,0
江西,2020/6/24,0
江西,2020/6/25,0
江西,2020/6/26,0
江西,2020/6/27,0
江西,2020/6/28,0
江西,2020/6/29,0
江西,2020/6/3,0
江西,2020/6/30,0
江西,2020/6/4,0
江西,2020/6/5,0
江西,2020/6/6,0
江西,2020/6/7,0
江西,2020/6/8,0
江西,2020/6/9,0
河北,2020/1/22,1
河北,2020/1/23,1
河北,2020/1/24,7
河北,2020/1/25,12
河北,2020/1/26,17
河北,2020/1/27,32
河北,2020/1/28,47
河北,2020/1/29,64
河北,2020/1/30,81
河北,2020/1/31,95
河北,2020/2/1,100
河北,2020/2/10,196
河北,2020/2/11,201
河北,2020/2/12,208
河北,2020/2/13,211
河北,2020/2/14,202
河北,2020/2/15,197
河北,2020/2/16,188
河北,2020/2/17,174
河北,2020/2/18,165
河北,2020/2/19,150
河北,2020/2/2,109
河北,2020/2/20,133
河北,2020/2/21,119
河北,2020/2/22,101
河北,2020/2/23,84
河北,2020/2/24,64
河北,2020/2/25,58
河北,2020/2/26,50
河北,2020/2/27,38
河北,2020/2/28,35
河北,2020/2/29,29
河北,2020/2/3,122
河北,2020/2/4,130
河北,2020/2/5,149
河北,2020/2/6,154
河北,2020/2/7,169
河北,2020/2/8,174
河北,2020/2/9,181
河北,2020/3/1,18
河北,2020/3/10,5
河北,2020/3/11,5
河北,2020/3/12,2
河北,2020/3/13,2
河北,2020/3/14,2
河北,2020/3/15,2
河北,2020/3/16,2
河北,2020/3/17,2
河北,2020/3/18,2
河北,2020/3/19,2
河北,2020/3/2,15
河北,2020/3/20,2
河北,2020/3/21,3
河北,2020/3/22,3
河北,2020/3/23,3
河北,2020/3/24,3
河北,2020/3/25,3
河北,2020/3/26,3
河北,2020/3/27,3
河北,2020/3/28,3
河北,2020/3/29,5
河北,2020/3/3,12
河北,2020/3/30,5
河北,2020/3/31,7
河北,2020/3/4,11
河北,2020/3/5,8
河北,2020/3/6,7
河北,2020/3/7,5
河北,2020/3/8,5
河北,2020/3/9,5
河北,2020/4/1,9
河北,2020/4/10,8
河北,2020/4/11,8
河北,2020/4/12,8
河北,2020/4/13,8
河北,2020/4/14,8
河北,2020/4/15,8
河北,2020/4/16,8
河北,2020/4/17,8
河北,2020/4/18,8
河北,2020/4/19,7
河北,2020/4/2,10
河北,2020/4/20,7
河北,2020/4/21,7
河北,2020/4/22,7
河北,2020/4/23,7
河北,2020/4/24,6
河北,2020/4/25,6
河北,2020/4/26,6
河北,2020/4/27,6
河北,2020/4/28,6
河北,2020/4/29,6
河北,2020/4/3,10
河北,2020/4/30,6
河北,2020/4/4,11
河北,2020/4/5,11
河北,2020/4/6,11
河北,2020/4/7,9
河北,2020/4/8,8
河北,2020/4/9,8
河北,2020/5/1,6
河北,2020/5/10,3
河北,2020/5/11,3
河北,2020/5/12,3
河北,2020/5/13,3
河北,2020/5/14,3
河北,2020/5/15,3
河北,2020/5/16,3
河北,2020/5/17,2
河北,2020/5/18,2
河北,2020/5/19,2
河北,2020/5/2,6
河北,2020/5/20,2
河北,2020/5/21,2
河北,2020/5/22,2
河北,2020/5/23,2
河北,2020/5/24,2
河北,2020/5/25,2
河北,2020/5/26,2
河北,2020/5/27,2
河北,2020/5/28,2
河北,2020/5/29,2
河北,2020/5/3,6
河北,2020/5/30,2
河北,2020/5/31,2
河北,2020/5/4,4
河北,2020/5/5,4
河北,2020/5/6,4
河北,2020/5/7,4
河北,2020/5/8,4
河北,2020/5/9,3
河北,2020/6/1,2
河北,2020/6/10,2
河北,2020/6/11,2
河北,2020/6/12,2
河北,2020/6/13,2
河北,2020/6/14,2
河北,2020/6/15,6
河北,2020/6/16,7
河北,2020/6/17,9
河北,2020/6/18,11
河北,2020/6/19,12
河北,2020/6/2,2
河北,2020/6/20,15
河北,2020/6/21,17
河北,2020/6/22,17
河北,2020/6/23,19
河北,2020/6/24,20
河北,2020/6/25,19
河北,2020/6/26,20
河北,2020/6/27,17
河北,2020/6/28,12
河北,2020/6/29,9
河北,2020/6/3,2
河北,2020/6/30,7
河北,2020/6/4,2
河北,2020/6/5,2
河北,2020/6/6,2
河北,2020/6/7,2
河北,2020/6/8,2
河北,2020/6/9,2
河南,2020/1/21,1
河南,2020/1/22,5
河南,2020/1/23,9
河南,2020/1/24,32
河南,2020/1/25,82
河南,2020/1/26,127
河南,2020/1/27,167
河南,2020/1/28,203
河南,2020/1/29,274
河南,2020/1/30,347
河南,2020/1/31,415
河南,2020/2/1,484
河南,2020/2/10,971
河南,2020/2/11,990
河南,2020/2/12,1002
河南,2020/2/13,1001
河南,2020/2/14,1006
河南,2020/2/15,1009
河南,2020/2/16,997
河南,2020/2/17,959
河南,2020/2/18,940
河南,2020/2/19,859
河南,2020/2/2,548
河南,2020/2/20,796
河南,2020/2/21,778
河南,2020/2/22,735
河南,2020/2/23,689
河南,2020/2/24,627
河南,2020/2/25,608
河南,2020/2/26,583
河南,2020/2/27,556
河南,2020/2/28,520
河南,2020/2/29,509
河南,2020/2/3,655
河南,2020/2/4,734
河南,2020/2/5,812
河南,2020/2/6,860
河南,2020/2/7,918
河南,2020/2/8,944
河南,2020/2/9,962
河南,2020/3/1,501
河南,2020/3/10,462
河南,2020/3/11,456
河南,2020/3/12,449
河南,2020/3/13,443
河南,2020/3/14,431
河南,2020/3/15,426
河南,2020/3/16,418
河南,2020/3/17,418
河南,2020/3/18,418
河南,2020/3/19,418
河南,2020/3/2,495
河南,2020/3/20,413
河南,2020/3/21,406
河南,2020/3/22,407
河南,2020/3/23,407
河南,2020/3/24,407
河南,2020/3/25,408
河南,2020/3/26,400
河南,2020/3/27,399
河南,2020/3/28,400
河南,2020/3/29,400
河南,2020/3/3,494
河南,2020/3/30,400
河南,2020/3/31,400
河南,2020/3/4,490
河南,2020/3/5,490
河南,2020/3/6,487
河南,2020/3/7,484
河南,2020/3/8,481
河南,2020/3/9,479
河南,2020/4/1,394
河南,2020/4/10,383
河南,2020/4/11,382
河南,2020/4/12,382
河南,2020/4/13,382
河南,2020/4/14,382
河南,2020/4/15,382
河南,2020/4/16,382
河南,2020/4/17,382
河南,2020/4/18,382
河南,2020/4/19,382
河南,2020/4/2,394
河南,2020/4/20,382
河南,2020/4/21,382
河南,2020/4/22,382
河南,2020/4/23,382
河南,2020/4/24,382
河南,2020/4/25,382
河南,2020/4/26,382
河南,2020/4/27,382
河南,2020/4/28,382
河南,2020/4/29,382
河南,2020/4/3,389
河南,2020/4/30,382
河南,2020/4/4,389
河南,2020/4/5,388
河南,2020/4/6,388
河南,2020/4/7,388
河南,2020/4/8,388
河南,2020/4/9,388
河南,2020/5/1,382
河南,2020/5/10,382
河南,2020/5/11,382
河南,2020/5/12,382
河南,2020/5/13,382
河南,2020/5/14,382
河南,2020/5/15,382
河南,2020/5/16,382
河南,2020/5/17,382
河南,2020/5/18,382
河南,2020/5/19,382
河南,2020/5/2,382
河南,2020/5/20,382
河南,2020/5/21,382
河南,2020/5/22,382
河南,2020/5/23,382
河南,2020/5/24,382
河南,2020/5/25,382
河南,2020/5/26,382
河南,2020/5/27,382
河南,2020/5/28,382
河南,2020/5/29,382
河南,2020/5/3,382
河南,2020/5/30,382
河南,2020/5/31,382
河南,2020/5/4,382
河南,2020/5/5,382
河南,2020/5/6,382
河南,2020/5/7,382
河南,2020/5/8,382
河南,2020/5/9,382
河南,2020/6/1,382
河南,2020/6/10,382
河南,2020/6/11,382
河南,2020/6/12,382
河南,2020/6/13,382
河南,2020/6/14,382
河南,2020/6/15,382
河南,2020/6/16,382
河南,2020/6/17,382
河南,2020/6/18,382
河南,2020/6/19,382
河南,2020/6/2,382
河南,2020/6/20,382
河南,2020/6/21,382
河南,2020/6/22,382
河南,2020/6/23,382
河南,2020/6/24,382
河南,2020/6/25,382
河南,2020/6/26,382
河南,2020/6/27,382
河南,2020/6/28,382
河南,2020/6/29,382
河南,2020/6/3,382
河南,2020/6/30,382
河南,2020/6/4,382
河南,2020/6/5,382
河南,2020/6/6,382
河南,2020/6/7,382
河南,2020/6/8,382
河南,2020/6/9,382
浙江,2020/1/20,5
浙江,2020/1/21,10
浙江,2020/1/22,26
浙江,2020/1/23,42
浙江,2020/1/24,61
浙江,2020/1/25,103
浙江,2020/1/26,127
浙江,2020/1/27,172
浙江,2020/1/28,293
浙江,2020/1/29,424
浙江,2020/1/30,528
浙江,2020/1/31,584
浙江,2020/2/1,638
浙江,2020/2/10,859
浙江,2020/2/11,845
浙江,2020/2/12,811
浙江,2020/2/13,781
浙江,2020/2/14,746
浙江,2020/2/15,723
浙江,2020/2/16,694
浙江,2020/2/17,651
浙江,2020/2/18,622
浙江,2020/2/19,559
浙江,2020/2/2,688
浙江,2020/2/20,555
浙江,2020/2/21,510
浙江,2020/2/22,475
浙江,2020/2/23,439
浙江,2020/2/24,410
浙江,2020/2/25,390
浙江,2020/2/26,323
浙江,2020/2/27,261
浙江,2020/2/28,217
浙江,2020/2/29,177
浙江,2020/2/3,779
浙江,2020/2/4,830
浙江,2020/2/5,866
浙江,2020/2/6,901
浙江,2020/2/7,911
浙江,2020/2/8,890
浙江,2020/2/9,890
浙江,2020/3/1,155
浙江,2020/3/10,19
浙江,2020/3/11,15
浙江,2020/3/12,15
浙江,2020/3/13,25
浙江,2020/3/14,29
浙江,2020/3/15,27
浙江,2020/3/16,25
浙江,2020/3/17,25
浙江,2020/3/18,25
浙江,2020/3/19,24
浙江,2020/3/2,136
浙江,2020/3/20,26
浙江,2020/3/21,27
浙江,2020/3/22,26
浙江,2020/3/23,28
浙江,2020/3/24,29
浙江,2020/3/25,30
浙江,2020/3/26,34
浙江,2020/3/27,35
浙江,2020/3/28,38
浙江,2020/3/29,39
浙江,2020/3/3,115
浙江,2020/3/30,40
浙江,2020/3/31,40
浙江,2020/3/4,94
浙江,2020/3/5,71
浙江,2020/3/6,63
浙江,2020/3/7,55
浙江,2020/3/8,42
浙江,2020/3/9,34
浙江,2020/4/1,39
浙江,2020/4/10,40
浙江,2020/4/11,38
浙江,2020/4/12,37
浙江,2020/4/13,34
浙江,2020/4/14,33
浙江,2020/4/15,33
浙江,2020/4/16,31
浙江,2020/4/17,31
浙江,2020/4/18,30
浙江,2020/4/19,28
浙江,2020/4/2,41
浙江,2020/4/20,26
浙江,2020/4/21,25
浙江,2020/4/22,23
浙江,2020/4/23,21
浙江,2020/4/24,21
浙江,2020/4/25,20
浙江,2020/4/26,19
浙江,2020/4/27,16
浙江,2020/4/28,15
浙江,2020/4/29,14
浙江,2020/4/3,42
浙江,2020/4/30,13
浙江,2020/4/4,42
浙江,2020/4/5,43
浙江,2020/4/6,44
浙江,2020/4/7,43
浙江,2020/4/8,41
浙江,2020/4/9,41
浙江,2020/5/1,12
浙江,2020/5/10,10
浙江,2020/5/11,10
浙江,2020/5/12,10
浙江,2020/5/13,10
浙江,2020/5/14,10
浙江,2020/5/15,10
浙江,2020/5/16,10
浙江,2020/5/17,10
浙江,2020/5/18,10
浙江,2020/5/19,10
浙江,2020/5/2,12
浙江,2020/5/20,10
浙江,2020/5/21,10
浙江,2020/5/22,10
浙江,2020/5/23,10
浙江,2020/5/24,10
浙江,2020/5/25,10
浙江,2020/5/26,10
浙江,2020/5/27,10
浙江,2020/5/28,10
浙江,2020/5/29,10
浙江,2020/5/3,12
浙江,2020/5/30,10
浙江,2020/5/31,10
浙江,2020/5/4,10
浙江,2020/5/5,10
浙江,2020/5/6,10
浙江,2020/5/7,10
浙江,2020/5/8,10
浙江,2020/5/9,10
浙江,2020/6/1,10
浙江,2020/6/10,10
浙江,2020/6/11,10
浙江,2020/6/12,10
浙江,2020/6/13,10
浙江,2020/6/14,10
浙江,2020/6/15,10
浙江,2020/6/16,11
浙江,2020/6/17,11
浙江,2020/6/18,11
浙江,2020/6/19,11
浙江,2020/6/2,10
浙江,2020/6/20,11
浙江,2020/6/21,11
浙江,2020/6/22,11
浙江,2020/6/23,11
浙江,2020/6/24,11
浙江,2020/6/25,11
浙江,2020/6/26,11
浙江,2020/6/27,11
浙江,2020/6/28,11
浙江,2020/6/29,11
浙江,2020/6/3,10
浙江,2020/6/30,11
浙江,2020/6/4,10
浙江,2020/6/5,10
浙江,2020/6/6,10
浙江,2020/6/7,10
浙江,2020/6/8,10
浙江,2020/6/9,10
海南,2020/1/22,4
海南,2020/1/23,8
海南,2020/1/24,17
海南,2020/1/25,22
海南,2020/1/26,31
海南,2020/1/27,37
海南,2020/1/28,42
海南,2020/1/29,44
海南,2020/1/30,47
海南,2020/1/31,55
海南,2020/2/1,60
海南,2020/2/10,120
海南,2020/2/11,122
海南,2020/2/12,126
海南,2020/2/13,123
海南,2020/2/14,120
海南,2020/2/15,119
海南,2020/2/16,106
海南,2020/2/17,100
海南,2020/2/18,80
海南,2020/2/19,80
海南,2020/2/2,64
海南,2020/2/20,75
海南,2020/2/21,68
海南,2020/2/22,60
海南,2020/2/23,57
海南,2020/2/24,47
海南,2020/2/25,39
海南,2020/2/26,34
海南,2020/2/27,30
海南,2020/2/28,26
海南,2020/2/29,14
海南,2020/2/3,73
海南,2020/2/4,84
海南,2020/2/5,94
海南,2020/2/6,101
海南,2020/2/7,109
海南,2020/2/8,111
海南,2020/2/9,114
海南,2020/3/1,11
海南,2020/3/10,3
海南,2020/3/11,2
海南,2020/3/12,2
海南,2020/3/13,2
海南,2020/3/14,2
海南,2020/3/15,2
海南,2020/3/16,1
海南,2020/3/17,1
海南,2020/3/18,1
海南,2020/3/19,1
海南,2020/3/2,11
海南,2020/3/20,1
海南,2020/3/21,1
海南,2020/3/22,1
海南,2020/3/23,1
海南,2020/3/24,0
海南,2020/3/25,0
海南,2020/3/26,0
海南,2020/3/27,0
海南,2020/3/28,0
海南,2020/3/29,0
海南,2020/3/3,7
海南,2020/3/30,0
海南,2020/3/31,0
海南,2020/3/4,4
海南,2020/3/5,3
海南,2020/3/6,3
海南,2020/3/7,3
海南,2020/3/8,3
海南,2020/3/9,3
海南,2020/4/1,0
海南,2020/4/10,0
海南,2020/4/11,0
海南,2020/4/12,0
海南,2020/4/13,0
海南,2020/4/14,0
海南,2020/4/15,0
海南,2020/4/16,0
海南,2020/4/17,0
海南,2020/4/18,0
海南,2020/4/19,0
海南,2020/4/2,0
海南,2020/4/20,0
海南,2020/4/21,0
海南,2020/4/22,0
海南,2020/4/23,0
海南,2020/4/24,0
海南,2020/4/25,0
海南,2020/4/26,0
海南,2020/4/27,0
海南,2020/4/28,0
海南,2020/4/29,0
海南,2020/4/3,0
海南,2020/4/30,0
海南,2020/4/4,0
海南,2020/4/5,0
海南,2020/4/6,0
海南,2020/4/7,0
海南,2020/4/8,0
海南,2020/4/9,0
海南,2020/5/1,0
海南,2020/5/10,0
海南,2020/5/11,0
海南,2020/5/12,0
海南,2020/5/13,0
海南,2020/5/14,0
海南,2020/5/15,0
海南,2020/5/16,0
海南,2020/5/17,0
海南,2020/5/18,0
海南,2020/5/19,0
海南,2020/5/2,0
海南,2020/5/20,0
海南,2020/5/21,0
海南,2020/5/22,0
海南,2020/5/23,0
海南,2020/5/24,0
海南,2020/5/25,0
海南,2020/5/26,0
海南,2020/5/27,0
海南,2020/5/28,0
海南,2020/5/29,0
海南,2020/5/3,0
海南,2020/5/30,0
海南,2020/5/31,0
海南,2020/5/4,0
海南,2020/5/5,0
海南,2020/5/6,0
海南,2020/5/7,0
海南,2020/5/8,0
海南,2020/5/9,0
海南,2020/6/1,0
海南,2020/6/10,0
海南,2020/6/11,0
海南,2020/6/12,0
海南,2020/6/13,0
海南,2020/6/14,0
海南,2020/6/15,0
海南,2020/6/16,0
海南,2020/6/17,0
海南,2020/6/18,0
海南,2020/6/19,0
海南,2020/6/2,0
海南,2020/6/20,0
海南,2020/6/21,0
海南,2020/6/22,0
海南,2020/6/23,0
海南,2020/6/24,0
海南,2020/6/25,0
海南,2020/6/26,0
海南,2020/6/27,0
海南,2020/6/28,0
海南,2020/6/29,0
海南,2020/6/3,0
海南,2020/6/30,0
海南,2020/6/4,0
海南,2020/6/5,0
海南,2020/6/6,0
海南,2020/6/7,0
海南,2020/6/8,0
海南,2020/6/9,0
湖北,2020/1/10,38
湖北,2020/1/11,34
湖北,2020/1/12,33
湖北,2020/1/13,33
湖北,2020/1/14,33
湖北,2020/1/15,27
湖北,2020/1/16,28
湖北,2020/1/17,41
湖北,2020/1/18,94
湖北,2020/1/19,169
湖北,2020/1/20,239
湖北,2020/1/21,338
湖北,2020/1/22,399
湖北,2020/1/23,494
湖北,2020/1/24,658
湖北,2020/1/25,958
湖北,2020/1/26,1303
湖北,2020/1/27,2567
湖北,2020/1/28,3382
湖北,2020/1/29,4367
湖北,2020/1/30,5519
湖北,2020/1/31,6771
湖北,2020/2/1,8598
湖北,2020/2/10,28564
湖北,2020/2/11,29690
湖北,2020/2/12,42605
湖北,2020/2/13,46531
湖北,2020/2/14,47890
湖北,2020/2/15,48741
湖北,2020/2/16,49563
湖北,2020/2/17,50055
湖北,2020/2/18,50404
湖北,2020/2/19,49887
湖北,2020/2/2,10565
湖北,2020/2/20,48725
湖北,2020/2/21,47219
湖北,2020/2/22,46011
湖北,2020/2/23,44819
湖北,2020/2/24,43134
湖北,2020/2/25,41425
湖北,2020/2/26,39520
湖北,2020/2/27,36594
湖北,2020/2/28,34480
湖北,2020/2/29,32724
湖北,2020/2/3,12745
湖北,2020/2/4,15711
湖北,2020/2/5,18515
湖北,2020/2/6,20709
湖北,2020/2/7,23161
湖北,2020/2/8,24842
湖北,2020/2/9,26997
湖北,2020/3/1,30308
湖北,2020/3/10,15447
湖北,2020/3/11,14204
湖北,2020/3/12,12948
湖北,2020/3/13,11549
湖北,2020/3/14,10278
湖北,2020/3/15,9452
湖北,2020/3/16,8548
湖北,2020/3/17,7654
湖北,2020/3/18,6871
湖北,2020/3/19,6170
湖北,2020/3/2,27981
湖北,2020/3/20,5602
湖北,2020/3/21,5107
湖北,2020/3/22,4651
湖北,2020/3/23,4201
湖北,2020/3/24,3811
湖北,2020/3/25,3479
湖北,2020/3/26,2944
湖北,2020/3/27,2674
湖北,2020/3/28,2302
湖北,2020/3/29,2081
湖北,2020/3/3,25670
湖北,2020/3/30,1909
湖北,2020/3/31,1831
湖北,2020/3/4,23850
湖北,2020/3/5,22460
湖北,2020/3/6,21004
湖北,2020/3/7,19475
湖北,2020/3/8,18068
湖北,2020/3/9,16916
湖北,2020/4/1,1780
湖北,2020/4/10,1278
湖北,2020/4/11,1261
湖北,2020/4/12,1202
湖北,2020/4/13,1177
湖北,2020/4/14,1137
湖北,2020/4/15,1104
湖北,2020/4/16,129
湖北,2020/4/17,122
湖北,2020/4/18,109
湖北,2020/4/19,105
湖北,2020/4/2,1735
湖北,2020/4/20,102
湖北,2020/4/21,97
湖北,2020/4/22,69
湖北,2020/4/23,47
湖北,2020/4/24,23
湖北,2020/4/25,12
湖北,2020/4/26,0
湖北,2020/4/27,0
湖北,2020/4/28,0
湖北,2020/4/29,0
湖北,2020/4/3,1682
湖北,2020/4/30,0
湖北,2020/4/4,1606
湖北,2020/4/5,1535
湖北,2020/4/6,1476
湖北,2020/4/7,1406
湖北,2020/4/8,1359
湖北,2020/4/9,1309
湖北,2020/5/1,0
湖北,2020/5/10,6
湖北,2020/5/11,6
湖北,2020/5/12,6
湖北,2020/5/13,6
湖北,2020/5/14,6
湖北,2020/5/15,6
湖北,2020/5/16,6
湖北,2020/5/17,6
湖北,2020/5/18,7
湖北,2020/5/19,7
湖北,2020/5/2,0
湖北,2020/5/20,7
湖北,2020/5/21,7
湖北,2020/5/22,7
湖北,2020/5/23,7
湖北,2020/5/24,6
湖北,2020/5/25,6
湖北,2020/5/26,5
湖北,2020/5/27,5
湖北,2020/5/28,5
湖北,2020/5/29,4
湖北,2020/5/3,0
湖北,2020/5/30,4
湖北,2020/5/31,3
湖北,2020/5/4,0
湖北,2020/5/5,0
湖北,2020/5/6,0
湖北,2020/5/7,0
湖北,2020/5/8,0
湖北,2020/5/9,1
湖北,2020/6/1,3
湖北,2020/6/10,0
湖北,2020/6/11,0
湖北,2020/6/12,0
湖北,2020/6/13,0
湖北,2020/6/14,0
湖北,2020/6/15,0
湖北,2020/6/16,0
湖北,2020/6/17,0
湖北,2020/6/18,0
湖北,2020/6/19,0
湖北,2020/6/2,3
湖北,2020/6/20,0
湖北,2020/6/21,0
湖北,2020/6/22,0
湖北,2020/6/23,0
湖北,2020/6/24,0
湖北,2020/6/25,0
湖北,2020/6/26,0
湖北,2020/6/27,0
湖北,2020/6/28,0
湖北,2020/6/29,0
湖北,2020/6/3,3
湖北,2020/6/30,0
湖北,2020/6/4,0
湖北,2020/6/5,0
湖北,2020/6/6,0
湖北,2020/6/7,0
湖北,2020/6/8,0
湖北,2020/6/9,0
湖南,2020/1/21,1
湖南,2020/1/22,9
湖南,2020/1/23,24
湖南,2020/1/24,43
湖南,2020/1/25,69
湖南,2020/1/26,100
湖南,2020/1/27,143
湖南,2020/1/28,221
湖南,2020/1/29,277
湖南,2020/1/30,330
湖南,2020/1/31,386
湖南,2020/2/1,455
湖南,2020/2/10,698
湖南,2020/2/11,681
湖南,2020/2/12,654
湖南,2020/2/13,634
湖南,2020/2/14,610
湖南,2020/2/15,571
湖南,2020/2/16,536
湖南,2020/2/17,502
湖南,2020/2/18,462
湖南,2020/2/19,428
湖南,2020/2/2,505
湖南,2020/2/20,369
湖南,2020/2/21,340
湖南,2020/2/22,308
湖南,2020/2/23,291
湖南,2020/2/24,261
湖南,2020/2/25,233
湖南,2020/2/26,220
湖南,2020/2/27,193
湖南,2020/2/28,173
湖南,2020/2/29,161
湖南,2020/2/3,571
湖南,2020/2/4,626
湖南,2020/2/5,655
湖南,2020/2/6,681
湖南,2020/2/7,684
湖南,2020/2/8,678
湖南,2020/2/9,692
湖南,2020/3/1,138
湖南,2020/3/10,20
湖南,2020/3/11,17
湖南,2020/3/12,11
湖南,2020/3/13,6
湖南,2020/3/14,1
湖南,2020/3/15,1
湖南,2020/3/16,1
湖南,2020/3/17,1
湖南,2020/3/18,1
湖南,2020/3/19,1
湖南,2020/3/2,122
湖南,2020/3/20,1
湖南,2020/3/21,1
湖南,2020/3/22,1
湖南,2020/3/23,1
湖南,2020/3/24,1
湖南,2020/3/25,1
湖南,2020/3/26,1
湖南,2020/3/27,1
湖南,2020/3/28,1
湖南,2020/3/29,1
湖南,2020/3/3,101
湖南,2020/3/30,1
湖南,2020/3/31,1
湖南,2020/3/4,81
湖南,2020/3/5,68
湖南,2020/3/6,55
湖南,2020/3/7,50
湖南,2020/3/8,36
湖南,2020/3/9,27
湖南,2020/4/1,2
湖南,2020/4/10,2
湖南,2020/4/11,2
湖南,2020/4/12,2
湖南,2020/4/13,2
湖南,2020/4/14,2
湖南,2020/4/15,2
湖南,2020/4/16,2
湖南,2020/4/17,1
湖南,2020/4/18,1
湖南,2020/4/19,1
湖南,2020/4/2,2
湖南,2020/4/20,1
湖南,2020/4/21,1
湖南,2020/4/22,1
湖南,2020/4/23,1
湖南,2020/4/24,1
湖南,2020/4/25,1
湖南,2020/4/26,1
湖南,2020/4/27,1
湖南,2020/4/28,1
湖南,2020/4/29,1
湖南,2020/4/3,2
湖南,2020/4/30,1
湖南,2020/4/4,2
湖南,2020/4/5,2
湖南,2020/4/6,2
湖南,2020/4/7,2
湖南,2020/4/8,2
湖南,2020/4/9,2
湖南,2020/5/1,1
湖南,2020/5/10,1
湖南,2020/5/11,1
湖南,2020/5/12,1
湖南,2020/5/13,1
湖南,2020/5/14,1
湖南,2020/5/15,1
湖南,2020/5/16,1
湖南,2020/5/17,1
湖南,2020/5/18,1
湖南,2020/5/19,1
湖南,2020/5/2,1
湖南,2020/5/20,1
湖南,2020/5/21,1
湖南,2020/5/22,1
湖南,2020/5/23,1
湖南,2020/5/24,1
湖南,2020/5/25,1
湖南,2020/5/26,1
湖南,2020/5/27,1
湖南,2020/5/28,1
湖南,2020/5/29,1
湖南,2020/5/3,1
湖南,2020/5/30,1
湖南,2020/5/31,1
湖南,2020/5/4,1
湖南,2020/5/5,1
湖南,2020/5/6,1
湖南,2020/5/7,1
湖南,2020/5/8,1
湖南,2020/5/9,1
湖南,2020/6/1,1
湖南,2020/6/10,1
湖南,2020/6/11,1
湖南,2020/6/12,1
湖南,2020/6/13,1
湖南,2020/6/14,1
湖南,2020/6/15,1
湖南,2020/6/16,1
湖南,2020/6/17,1
湖南,2020/6/18,1
湖南,2020/6/19,1
湖南,2020/6/2,1
湖南,2020/6/20,1
湖南,2020/6/21,1
湖南,2020/6/22,1
湖南,2020/6/23,1
湖南,2020/6/24,1
湖南,2020/6/25,1
湖南,2020/6/26,1
湖南,2020/6/27,1
湖南,2020/6/28,1
湖南,2020/6/29,1
湖南,2020/6/3,1
湖南,2020/6/30,1
湖南,2020/6/4,1
湖南,2020/6/5,1
湖南,2020/6/6,1
湖南,2020/6/7,1
湖南,2020/6/8,1
湖南,2020/6/9,1
澳门,2020/1/22,1
澳门,2020/1/23,2
澳门,2020/1/24,2
澳门,2020/1/25,2
澳门,2020/1/26,5
澳门,2020/1/27,7
澳门,2020/1/28,7
澳门,2020/1/29,7
澳门,2020/1/30,7
澳门,2020/1/31,7
澳门,2020/2/1,7
澳门,2020/2/10,9
澳门,2020/2/11,9
澳门,2020/2/12,8
澳门,2020/2/13,7
澳门,2020/2/14,7
澳门,2020/2/15,7
澳门,2020/2/16,5
澳门,2020/2/17,5
澳门,2020/2/18,5
澳门,2020/2/19,4
澳门,2020/2/2,8
澳门,2020/2/20,4
澳门,2020/2/21,4
澳门,2020/2/22,4
澳门,2020/2/23,4
澳门,2020/2/24,4
澳门,2020/2/25,3
澳门,2020/2/26,3
澳门,2020/2/27,2
澳门,2020/2/28,2
澳门,2020/2/29,2
澳门,2020/2/3,10
澳门,2020/2/4,10
澳门,2020/2/5,10
澳门,2020/2/6,9
澳门,2020/2/7,9
澳门,2020/2/8,9
澳门,2020/2/9,9
澳门,2020/3/1,2
澳门,2020/3/10,0
澳门,2020/3/11,0
澳门,2020/3/12,0
澳门,2020/3/13,0
澳门,2020/3/14,0
澳门,2020/3/15,0
澳门,2020/3/16,1
澳门,2020/3/17,3
澳门,2020/3/18,5
澳门,2020/3/19,7
澳门,2020/3/2,2
澳门,2020/3/20,7
澳门,2020/3/21,8
澳门,2020/3/22,11
澳门,2020/3/23,15
澳门,2020/3/24,16
澳门,2020/3/25,20
澳门,2020/3/26,23
澳门,2020/3/27,24
澳门,2020/3/28,27
澳门,2020/3/29,28
澳门,2020/3/3,1
澳门,2020/3/30,29
澳门,2020/3/31,31
澳门,2020/3/4,1
澳门,2020/3/5,1
澳门,2020/3/6,0
澳门,2020/3/7,0
澳门,2020/3/8,0
澳门,2020/3/9,0
澳门,2020/4/1,31
澳门,2020/4/10,35
澳门,2020/4/11,35
澳门,2020/4/12,32
澳门,2020/4/13,32
澳门,2020/4/14,30
澳门,2020/4/15,29
澳门,2020/4/16,29
澳门,2020/4/17,28
澳门,2020/4/18,28
澳门,2020/4/19,25
澳门,2020/4/2,31
澳门,2020/4/20,23
澳门,2020/4/21,21
澳门,2020/4/22,19
澳门,2020/4/23,18
澳门,2020/4/24,18
澳门,2020/4/25,17
澳门,2020/4/26,14
澳门,2020/4/27,13
澳门,2020/4/28,12
澳门,2020/4/29,11
澳门,2020/4/3,33
澳门,2020/4/30,10
澳门,2020/4/4,34
澳门,2020/4/5,34
澳门,2020/4/6,34
澳门,2020/4/7,34
澳门,2020/4/8,35
澳门,2020/4/9,35
澳门,2020/5/1,8
澳门,2020/5/10,4
澳门,2020/5/11,3
澳门,2020/5/12,3
澳门,2020/5/13,2
澳门,2020/5/14,2
澳门,2020/5/15,2
澳门,2020/5/16,1
澳门,2020/5/17,1
澳门,2020/5/18,1
澳门,2020/5/19,0
澳门,2020/5/2,7
澳门,2020/5/20,0
澳门,2020/5/21,0
澳门,2020/5/22,0
澳门,2020/5/23,0
澳门,2020/5/24,0
澳门,2020/5/25,0
澳门,2020/5/26,0
澳门,2020/5/27,0
澳门,2020/5/28,0
澳门,2020/5/29,0
澳门,2020/5/3,6
澳门,2020/5/30,0
澳门,2020/5/31,0
澳门,2020/5/4,6
澳门,2020/5/5,6
澳门,2020/5/6,5
澳门,2020/5/7,5
澳门,2020/5/8,5
澳门,2020/5/9,5
澳门,2020/6/1,0
澳门,2020/6/10,0
澳门,2020/6/11,0
澳门,2020/6/12,0
澳门,2020/6/13,0
澳门,2020/6/14,0
澳门,2020/6/15,0
澳门,2020/6/16,0
澳门,2020/6/17,0
澳门,2020/6/18,0
澳门,2020/6/19,0
澳门,2020/6/2,0
澳门,2020/6/20,0
澳门,2020/6/21,0
澳门,2020/6/22,0
澳门,2020/6/23,0
澳门,2020/6/24,0
澳门,2020/6/25,0
澳门,2020/6/26,0
澳门,2020/6/27,0
澳门,2020/6/28,0
澳门,2020/6/29,0
澳门,2020/6/3,0
澳门,2020/6/30,0
澳门,2020/6/4,0
澳门,2020/6/5,0
澳门,2020/6/6,0
澳门,2020/6/7,0
澳门,2020/6/8,0
澳门,2020/6/9,0
甘肃,2020/1/22,2
甘肃,2020/1/23,2
甘肃,2020/1/24,4
甘肃,2020/1/25,7
甘肃,2020/1/26,14
甘肃,2020/1/27,19
甘肃,2020/1/28,23
甘肃,2020/1/29,25
甘肃,2020/1/30,29
甘肃,2020/1/31,35
甘肃,2020/2/1,40
甘肃,2020/2/10,63
甘肃,2020/2/11,60
甘肃,2020/2/12,54
甘肃,2020/2/13,49
甘肃,2020/2/14,44
甘肃,2020/2/15,39
甘肃,2020/2/16,34
甘肃,2020/2/17,31
甘肃,2020/2/18,27
甘肃,2020/2/19,24
甘肃,2020/2/2,48
甘肃,2020/2/20,18
甘肃,2020/2/21,13
甘肃,2020/2/22,13
甘肃,2020/2/23,11
甘肃,2020/2/24,9
甘肃,2020/2/25,9
甘肃,2020/2/26,8
甘肃,2020/2/27,7
甘肃,2020/2/28,7
甘肃,2020/2/29,7
甘肃,2020/2/3,52
甘肃,2020/2/4,53
甘肃,2020/2/5,56
甘肃,2020/2/6,58
甘肃,2020/2/7,61
甘肃,2020/2/8,66
甘肃,2020/2/9,65
甘肃,2020/3/1,5
甘肃,2020/3/10,35
甘肃,2020/3/11,37
甘肃,2020/3/12,37
甘肃,2020/3/13,38
甘肃,2020/3/14,39
甘肃,2020/3/15,40
甘肃,2020/3/16,40
甘肃,2020/3/17,40
甘肃,2020/3/18,40
甘肃,2020/3/19,34
甘肃,2020/3/2,4
甘肃,2020/3/20,19
甘肃,2020/3/21,19
甘肃,2020/3/22,20
甘肃,2020/3/23,16
甘肃,2020/3/24,15
甘肃,2020/3/25,13
甘肃,2020/3/26,11
甘肃,2020/3/27,9
甘肃,2020/3/28,9
甘肃,2020/3/29,11
甘肃,2020/3/3,3
甘肃,2020/3/30,11
甘肃,2020/3/31,11
甘肃,2020/3/4,2
甘肃,2020/3/5,13
甘肃,2020/3/6,30
甘肃,2020/3/7,31
甘肃,2020/3/8,35
甘肃,2020/3/9,34
甘肃,2020/4/1,9
甘肃,2020/4/10,2
甘肃,2020/4/11,2
甘肃,2020/4/12,2
甘肃,2020/4/13,2
甘肃,2020/4/14,1
甘肃,2020/4/15,1
甘肃,2020/4/16,0
甘肃,2020/4/17,0
甘肃,2020/4/18,0
甘肃,2020/4/19,0
甘肃,2020/4/2,9
甘肃,2020/4/20,0
甘肃,2020/4/21,0
甘肃,2020/4/22,0
甘肃,2020/4/23,0
甘肃,2020/4/24,0
甘肃,2020/4/25,0
甘肃,2020/4/26,0
甘肃,2020/4/27,0
甘肃,2020/4/28,0
甘肃,2020/4/29,0
甘肃,2020/4/3,5
甘肃,2020/4/30,0
甘肃,2020/4/4,5
甘肃,2020/4/5,5
甘肃,2020/4/6,5
甘肃,2020/4/7,4
甘肃,2020/4/8,2
甘肃,2020/4/9,2
甘肃,2020/5/1,0
甘肃,2020/5/10,0
甘肃,2020/5/11,0
甘肃,2020/5/12,0
甘肃,2020/5/13,0
甘肃,2020/5/14,0
甘肃,2020/5/15,0
甘肃,2020/5/16,0
甘肃,2020/5/17,0
甘肃,2020/5/18,0
甘肃,2020/5/19,0
甘肃,2020/5/2,0
甘肃,2020/5/20,0
甘肃,2020/5/21,0
甘肃,2020/5/22,0
甘肃,2020/5/23,0
甘肃,2020/5/24,0
甘肃,2020/5/25,0
甘肃,2020/5/26,0
甘肃,2020/5/27,0
甘肃,2020/5/28,0
甘肃,2020/5/29,0
甘肃,2020/5/3,0
甘肃,2020/5/30,0
甘肃,2020/5/31,0
甘肃,2020/5/4,0
甘肃,2020/5/5,0
甘肃,2020/5/6,0
甘肃,2020/5/7,0
甘肃,2020/5/8,0
甘肃,2020/5/9,0
甘肃,2020/6/1,0
甘肃,2020/6/10,0
甘肃,2020/6/11,0
甘肃,2020/6/12,0
甘肃,2020/6/13,0
甘肃,2020/6/14,0
甘肃,2020/6/15,0
甘肃,2020/6/16,10
甘肃,2020/6/17,11
甘肃,2020/6/18,12
甘肃,2020/6/19,12
甘肃,2020/6/2,0
甘肃,2020/6/20,12
甘肃,2020/6/21,12
甘肃,2020/6/22,19
甘肃,2020/6/23,18
甘肃,2020/6/24,21
甘肃,2020/6/25,20
甘肃,2020/6/26,21
甘肃,2020/6/27,21
甘肃,2020/6/28,21
甘肃,2020/6/29,21
甘肃,2020/6/3,0
甘肃,2020/6/30,21
甘肃,2020/6/4,0
甘肃,2020/6/5,0
甘肃,2020/6/6,0
甘肃,2020/6/7,0
甘肃,2020/6/8,0
甘肃,2020/6/9,0
福建,2020/1/22,1
福建,2020/1/23,5
福建,2020/1/24,10
福建,2020/1/25,18
福建,2020/1/26,35
福建,2020/1/27,59
福建,2020/1/28,82
福建,2020/1/29,101
福建,2020/1/30,120
福建,2020/1/31,144
福建,2020/2/1,159
福建,2020/2/10,228
福建,2020/2/11,226
福建,2020/2/12,225
福建,2020/2/13,222
福建,2020/2/14,219
福建,2020/2/15,210
福建,2020/2/16,206
福建,2020/2/17,201
福建,2020/2/18,197
福建,2020/2/19,180
福建,2020/2/2,179
福建,2020/2/20,158
福建,2020/2/21,142
福建,2020/2/22,127
福建,2020/2/23,118
福建,2020/2/24,105
福建,2020/2/25,88
福建,2020/2/26,70
福建,2020/2/27,63
福建,2020/2/28,54
福建,2020/2/29,52
福建,2020/2/3,193
福建,2020/2/4,198
福建,2020/2/5,204
福建,2020/2/6,209
福建,2020/2/7,219
福建,2020/2/8,226
福建,2020/2/9,226
福建,2020/3/1,48
福建,2020/3/10,0
福建,2020/3/11,0
福建,2020/3/12,0
福建,2020/3/13,0
福建,2020/3/14,0
福建,2020/3/15,0
福建,2020/3/16,0
福建,2020/3/17,0
福建,2020/3/18,0
福建,2020/3/19,3
福建,2020/3/2,40
福建,2020/3/20,7
福建,2020/3/21,11
福建,2020/3/22,17
福建,2020/3/23,22
福建,2020/3/24,26
福建,2020/3/25,32
福建,2020/3/26,35
福建,2020/3/27,41
福建,2020/3/28,42
福建,2020/3/29,44
福建,2020/3/3,34
福建,2020/3/30,47
福建,2020/3/31,47
福建,2020/3/4,25
福建,2020/3/5,17
福建,2020/3/6,11
福建,2020/3/7,0
福建,2020/3/8,0
福建,2020/3/9,0
福建,2020/4/1,45
福建,2020/4/10,33
福建,2020/4/11,30
福建,2020/4/12,26
福建,2020/4/13,23
福建,2020/4/14,21
福建,2020/4/15,19
福建,2020/4/16,19
福建,2020/4/17,18
福建,2020/4/18,15
福建,2020/4/19,15
福建,2020/4/2,48
福建,2020/4/20,13
福建,2020/4/21,12
福建,2020/4/22,12
福建,2020/4/23,8
福建,2020/4/24,5
福建,2020/4/25,5
福建,2020/4/26,5
福建,2020/4/27,5
福建,2020/4/28,2
福建,2020/4/29,1
福建,2020/4/3,48
福建,2020/4/30,2
福建,2020/4/4,46
福建,2020/4/5,44
福建,2020/4/6,45
福建,2020/4/7,43
福建,2020/4/8,42
福建,2020/4/9,39
福建,2020/5/1,2
福建,2020/5/10,1
福建,2020/5/11,1
福建,2020/5/12,1
福建,2020/5/13,1
福建,2020/5/14,0
福建,2020/5/15,0
福建,2020/5/16,0
福建,2020/5/17,0
福建,2020/5/18,0
福建,2020/5/19,0
福建,2020/5/2,2
福建,2020/5/20,0
福建,2020/5/21,0
福建,2020/5/22,0
福建,2020/5/23,0
福建,2020/5/24,0
福建,2020/5/25,1
福建,2020/5/26,1
福建,2020/5/27,2
福建,2020/5/28,2
福建,2020/5/29,2
福建,2020/5/3,2
福建,2020/5/30,2
福建,2020/5/31,1
福建,2020/5/4,2
福建,2020/5/5,2
福建,2020/5/6,1
福建,2020/5/7,1
福建,2020/5/8,1
福建,2020/5/9,1
福建,2020/6/1,1
福建,2020/6/10,3
福建,2020/6/11,4
福建,2020/6/12,4
福建,2020/6/13,4
福建,2020/6/14,5
福建,2020/6/15,5
福建,2020/6/16,5
福建,2020/6/17,5
福建,2020/6/18,4
福建,2020/6/19,4
福建,2020/6/2,1
福建,2020/6/20,5
福建,2020/6/21,5
福建,2020/6/22,5
福建,2020/6/23,5
福建,2020/6/24,5
福建,2020/6/25,5
福建,2020/6/26,5
福建,2020/6/27,5
福建,2020/6/28,5
福建,2020/6/29,5
福建,2020/6/3,1
福建,2020/6/30,5
福建,2020/6/4,1
福建,2020/6/5,1
福建,2020/6/6,2
福建,2020/6/7,2
福建,2020/6/8,2
福建,2020/6/9,2
西藏,2020/1/29,1
西藏,2020/1/30,1
西藏,2020/1/31,1
西藏,2020/2/1,1
西藏,2020/2/10,1
西藏,2020/2/11,0
西藏,2020/2/12,0
西藏,2020/2/13,0
西藏,2020/2/14,0
西藏,2020/2/15,0
西藏,2020/2/16,0
西藏,2020/2/17,0
西藏,2020/2/18,0
西藏,2020/2/19,0
西藏,2020/2/2,1
西藏,2020/2/20,0
西藏,2020/2/21,0
西藏,2020/2/22,0
西藏,2020/2/23,0
西藏,2020/2/24,0
西藏,2020/2/25,0
西藏,2020/2/26,0
西藏,2020/2/27,0
西藏,2020/2/28,0
西藏,2020/2/29,0
西藏,2020/2/3,1
西藏,2020/2/4,1
西藏,2020/2/5,1
西藏,2020/2/6,1
西藏,2020/2/7,1
西藏,2020/2/8,1
西藏,2020/2/9,1
西藏,2020/3/1,0
西藏,2020/3/10,0
西藏,2020/3/11,0
西藏,2020/3/12,0
西藏,2020/3/13,0
西藏,2020/3/14,0
西藏,2020/3/15,0
西藏,2020/3/16,0
西藏,2020/3/17,0
西藏,2020/3/18,0
西藏,2020/3/19,0
西藏,2020/3/2,0
西藏,2020/3/20,0
西藏,2020/3/21,0
西藏,2020/3/22,0
西藏,2020/3/23,0
西藏,2020/3/24,0
西藏,2020/3/25,0
西藏,2020/3/26,0
西藏,2020/3/27,0
西藏,2020/3/28,0
西藏,2020/3/29,0
西藏,2020/3/3,0
西藏,2020/3/30,0
西藏,2020/3/31,0
西藏,2020/3/4,0
西藏,2020/3/5,0
西藏,2020/3/6,0
西藏,2020/3/7,0
西藏,2020/3/8,0
西藏,2020/3/9,0
西藏,2020/4/1,0
西藏,2020/4/10,0
西藏,2020/4/11,0
西藏,2020/4/12,0
西藏,2020/4/13,0
西藏,2020/4/14,0
西藏,2020/4/15,0
西藏,2020/4/16,0
西藏,2020/4/17,0
西藏,2020/4/18,0
西藏,2020/4/19,0
西藏,2020/4/2,0
西藏,2020/4/20,0
西藏,2020/4/21,0
西藏,2020/4/22,0
西藏,2020/4/23,0
西藏,2020/4/24,0
西藏,2020/4/25,0
西藏,2020/4/26,0
西藏,2020/4/27,0
西藏,2020/4/28,0
西藏,2020/4/29,0
西藏,2020/4/3,0
西藏,2020/4/30,0
西藏,2020/4/4,0
西藏,2020/4/5,0
西藏,2020/4/6,0
西藏,2020/4/7,0
西藏,2020/4/8,0
西藏,2020/4/9,0
西藏,2020/5/1,0
西藏,2020/5/10,0
西藏,2020/5/11,0
西藏,2020/5/12,0
西藏,2020/5/13,0
西藏,2020/5/14,0
西藏,2020/5/15,0
西藏,2020/5/16,0
西藏,2020/5/17,0
西藏,2020/5/18,0
西藏,2020/5/19,0
西藏,2020/5/2,0
西藏,2020/5/20,0
西藏,2020/5/21,0
西藏,2020/5/22,0
西藏,2020/5/23,0
西藏,2020/5/24,0
西藏,2020/5/25,0
西藏,2020/5/26,0
西藏,2020/5/27,0
西藏,2020/5/28,0
西藏,2020/5/29,0
西藏,2020/5/3,0
西藏,2020/5/30,0
西藏,2020/5/31,0
西藏,2020/5/4,0
西藏,2020/5/5,0
西藏,2020/5/6,0
西藏,2020/5/7,0
西藏,2020/5/8,0
西藏,2020/5/9,0
西藏,2020/6/1,0
西藏,2020/6/10,0
西藏,2020/6/11,0
西藏,2020/6/12,0
西藏,2020/6/13,0
西藏,2020/6/14,0
西藏,2020/6/15,0
西藏,2020/6/16,0
西藏,2020/6/17,0
西藏,2020/6/18,0
西藏,2020/6/19,0
西藏,2020/6/2,0
西藏,2020/6/20,0
西藏,2020/6/21,0
西藏,2020/6/22,0
西藏,2020/6/23,0
西藏,2020/6/24,0
西藏,2020/6/25,0
西藏,2020/6/26,0
西藏,2020/6/27,0
西藏,2020/6/28,0
西藏,2020/6/29,0
西藏,2020/6/3,0
西藏,2020/6/30,0
西藏,2020/6/4,0
西藏,2020/6/5,0
西藏,2020/6/6,0
西藏,2020/6/7,0
西藏,2020/6/8,0
西藏,2020/6/9,0
贵州,2020/1/22,3
贵州,2020/1/23,3
贵州,2020/1/24,4
贵州,2020/1/25,5
贵州,2020/1/26,7
贵州,2020/1/27,9
贵州,2020/1/28,8
贵州,2020/1/29,11
贵州,2020/1/30,14
贵州,2020/1/31,27
贵州,2020/2/1,36
贵州,2020/2/10,107
贵州,2020/2/11,113
贵州,2020/2/12,114
贵州,2020/2/13,111
贵州,2020/2/14,109
贵州,2020/2/15,106
贵州,2020/2/16,98
贵州,2020/2/17,79
贵州,2020/2/18,75
贵州,2020/2/19,73
贵州,2020/2/2,44
贵州,2020/2/20,68
贵州,2020/2/21,54
贵州,2020/2/22,53
贵州,2020/2/23,42
贵州,2020/2/24,41
贵州,2020/2/25,40
贵州,2020/2/26,32
贵州,2020/2/27,32
贵州,2020/2/28,32
贵州,2020/2/29,32
贵州,2020/2/3,54
贵州,2020/2/4,59
贵州,2020/2/5,62
贵州,2020/2/6,70
贵州,2020/2/7,82
贵州,2020/2/8,88
贵州,2020/2/9,101
贵州,2020/3/1,30
贵州,2020/3/10,11
贵州,2020/3/11,7
贵州,2020/3/12,4
贵州,2020/3/13,1
贵州,2020/3/14,1
贵州,2020/3/15,1
贵州,2020/3/16,0
贵州,2020/3/17,0
贵州,2020/3/18,0
贵州,2020/3/19,0
贵州,2020/3/2,30
贵州,2020/3/20,0
贵州,2020/3/21,0
贵州,2020/3/22,0
贵州,2020/3/23,0
贵州,2020/3/24,0
贵州,2020/3/25,0
贵州,2020/3/26,0
贵州,2020/3/27,0
贵州,2020/3/28,0
贵州,2020/3/29,0
贵州,2020/3/3,30
贵州,2020/3/30,0
贵州,2020/3/31,0
贵州,2020/3/4,30
贵州,2020/3/5,30
贵州,2020/3/6,29
贵州,2020/3/7,27
贵州,2020/3/8,21
贵州,2020/3/9,15
贵州,2020/4/1,0
贵州,2020/4/10,0
贵州,2020/4/11,0
贵州,2020/4/12,0
贵州,2020/4/13,0
贵州,2020/4/14,0
贵州,2020/4/15,0
贵州,2020/4/16,0
贵州,2020/4/17,0
贵州,2020/4/18,0
贵州,2020/4/19,0
贵州,2020/4/2,0
贵州,2020/4/20,0
贵州,2020/4/21,0
贵州,2020/4/22,0
贵州,2020/4/23,0
贵州,2020/4/24,0
贵州,2020/4/25,0
贵州,2020/4/26,0
贵州,2020/4/27,0
贵州,2020/4/28,0
贵州,2020/4/29,0
贵州,2020/4/3,0
贵州,2020/4/30,0
贵州,2020/4/4,0
贵州,2020/4/5,0
贵州,2020/4/6,0
贵州,2020/4/7,0
贵州,2020/4/8,0
贵州,2020/4/9,0
贵州,2020/5/1,0
贵州,2020/5/10,0
贵州,2020/5/11,0
贵州,2020/5/12,0
贵州,2020/5/13,0
贵州,2020/5/14,0
贵州,2020/5/15,0
贵州,2020/5/16,0
贵州,2020/5/17,0
贵州,2020/5/18,0
贵州,2020/5/19,0
贵州,2020/5/2,0
贵州,2020/5/20,0
贵州,2020/5/21,0
贵州,2020/5/22,0
贵州,2020/5/23,0
贵州,2020/5/24,0
贵州,2020/5/25,0
贵州,2020/5/26,0
贵州,2020/5/27,0
贵州,2020/5/28,0
贵州,2020/5/29,0
贵州,2020/5/3,0
贵州,2020/5/30,0
贵州,2020/5/31,0
贵州,2020/5/4,0
贵州,2020/5/5,0
贵州,2020/5/6,0
贵州,2020/5/7,0
贵州,2020/5/8,0
贵州,2020/5/9,0
贵州,2020/6/1,0
贵州,2020/6/10,0
贵州,2020/6/11,0
贵州,2020/6/12,0
贵州,2020/6/13,0
贵州,2020/6/14,0
贵州,2020/6/15,0
贵州,2020/6/16,0
贵州,2020/6/17,0
贵州,2020/6/18,0
贵州,2020/6/19,0
贵州,2020/6/2,0
贵州,2020/6/20,0
贵州,2020/6/21,0
贵州,2020/6/22,0
贵州,2020/6/23,0
贵州,2020/6/24,0
贵州,2020/6/25,0
贵州,2020/6/26,0
贵州,2020/6/27,0
贵州,2020/6/28,0
贵州,2020/6/29,0
贵州,2020/6/3,0
贵州,2020/6/30,0
贵州,2020/6/4,0
贵州,2020/6/5,0
贵州,2020/6/6,0
贵州,2020/6/7,0
贵州,2020/6/8,0
贵州,2020/6/9,0
辽宁,2020/1/22,2
辽宁,2020/1/23,4
辽宁,2020/1/24,12
辽宁,2020/1/25,17
辽宁,2020/1/26,22
辽宁,2020/1/27,30
辽宁,2020/1/28,36
辽宁,2020/1/29,40
辽宁,2020/1/30,44
辽宁,2020/1/31,59
辽宁,2020/2/1,63
辽宁,2020/2/10,96
辽宁,2020/2/11,97
辽宁,2020/2/12,95
辽宁,2020/2/13,94
辽宁,2020/2/14,89
辽宁,2020/2/15,87
辽宁,2020/2/16,78
辽宁,2020/2/17,76
辽宁,2020/2/18,64
辽宁,2020/2/19,61
辽宁,2020/2/2,69
辽宁,2020/2/20,58
辽宁,2020/2/21,53
辽宁,2020/2/22,51
辽宁,2020/2/23,46
辽宁,2020/2/24,36
辽宁,2020/2/25,31
辽宁,2020/2/26,27
辽宁,2020/2/27,26
辽宁,2020/2/28,24
辽宁,2020/2/29,21
辽宁,2020/2/3,73
辽宁,2020/2/4,79
辽宁,2020/2/5,85
辽宁,2020/2/6,89
辽宁,2020/2/7,92
辽宁,2020/2/8,97
辽宁,2020/2/9,95
辽宁,2020/3/1,19
辽宁,2020/3/10,14
辽宁,2020/3/11,14
辽宁,2020/3/12,13
辽宁,2020/3/13,12
辽宁,2020/3/14,12
辽宁,2020/3/15,11
辽宁,2020/3/16,6
辽宁,2020/3/17,3
辽宁,2020/3/18,3
辽宁,2020/3/19,3
辽宁,2020/3/2,22
辽宁,2020/3/20,3
辽宁,2020/3/21,3
辽宁,2020/3/22,2
辽宁,2020/3/23,2
辽宁,2020/3/24,2
辽宁,2020/3/25,2
辽宁,2020/3/26,3
辽宁,2020/3/27,6
辽宁,2020/3/28,9
辽宁,2020/3/29,11
辽宁,2020/3/3,19
辽宁,2020/3/30,14
辽宁,2020/3/31,15
辽宁,2020/3/4,19
辽宁,2020/3/5,19
辽宁,2020/3/6,19
辽宁,2020/3/7,17
辽宁,2020/3/8,16
辽宁,2020/3/9,15
辽宁,2020/4/1,15
辽宁,2020/4/10,10
辽宁,2020/4/11,7
辽宁,2020/4/12,7
辽宁,2020/4/13,5
辽宁,2020/4/14,5
辽宁,2020/4/15,5
辽宁,2020/4/16,4
辽宁,2020/4/17,2
辽宁,2020/4/18,2
辽宁,2020/4/19,1
辽宁,2020/4/2,15
辽宁,2020/4/20,1
辽宁,2020/4/21,1
辽宁,2020/4/22,1
辽宁,2020/4/23,1
辽宁,2020/4/24,1
辽宁,2020/4/25,1
辽宁,2020/4/26,1
辽宁,2020/4/27,1
辽宁,2020/4/28,1
辽宁,2020/4/29,1
辽宁,2020/4/3,14
辽宁,2020/4/30,1
辽宁,2020/4/4,14
辽宁,2020/4/5,12
辽宁,2020/4/6,12
辽宁,2020/4/7,11
辽宁,2020/4/8,11
辽宁,2020/4/9,10
辽宁,2020/5/1,0
辽宁,2020/5/10,1
辽宁,2020/5/11,1
辽宁,2020/5/12,1
辽宁,2020/5/13,3
辽宁,2020/5/14,3
辽宁,2020/5/15,3
辽宁,2020/5/16,3
辽宁,2020/5/17,3
辽宁,2020/5/18,3
辽宁,2020/5/19,3
辽宁,2020/5/2,0
辽宁,2020/5/20,3
辽宁,2020/5/21,3
辽宁,2020/5/22,3
辽宁,2020/5/23,3
辽宁,2020/5/24,2
辽宁,2020/5/25,0
辽宁,2020/5/26,0
辽宁,2020/5/27,0
辽宁,2020/5/28,0
辽宁,2020/5/29,0
辽宁,2020/5/3,0
辽宁,2020/5/30,0
辽宁,2020/5/31,0
辽宁,2020/5/4,0
辽宁,2020/5/5,0
辽宁,2020/5/6,0
辽宁,2020/5/7,0
辽宁,2020/5/8,0
辽宁,2020/5/9,0
辽宁,2020/6/1,0
辽宁,2020/6/10,0
辽宁,2020/6/11,0
辽宁,2020/6/12,0
辽宁,2020/6/13,2
辽宁,2020/6/14,2
辽宁,2020/6/15,3
辽宁,2020/6/16,3
辽宁,2020/6/17,3
辽宁,2020/6/18,4
辽宁,2020/6/19,4
辽宁,2020/6/2,0
辽宁,2020/6/20,4
辽宁,2020/6/21,5
辽宁,2020/6/22,5
辽宁,2020/6/23,5
辽宁,2020/6/24,5
辽宁,2020/6/25,5
辽宁,2020/6/26,5
辽宁,2020/6/27,5
辽宁,2020/6/28,6
辽宁,2020/6/29,6
辽宁,2020/6/3,0
辽宁,2020/6/30,5
辽宁,2020/6/4,0
辽宁,2020/6/5,0
辽宁,2020/6/6,0
辽宁,2020/6/7,0
辽宁,2020/6/8,0
辽宁,2020/6/9,0
重庆,2020/1/21,6
重庆,2020/1/22,9
重庆,2020/1/23,27
重庆,2020/1/24,57
重庆,2020/1/25,75
重庆,2020/1/26,110
重庆,2020/1/27,132
重庆,2020/1/28,147
重庆,2020/1/29,164
重庆,2020/1/30,205
重庆,2020/1/31,236
重庆,2020/2/1,258
重庆,2020/2/10,418
重庆,2020/2/11,423
重庆,2020/2/12,413
重庆,2020/2/13,397
重庆,2020/2/14,380
重庆,2020/2/15,355
重庆,2020/2/16,339
重庆,2020/2/17,323
重庆,2020/2/18,296
重庆,2020/2/19,281
重庆,2020/2/2,291
重庆,2020/2/20,262
重庆,2020/2/21,250
重庆,2020/2/22,239
重庆,2020/2/23,234
重庆,2020/2/24,221
重庆,2020/2/25,198
重庆,2020/2/26,186
重庆,2020/2/27,169
重庆,2020/2/28,148
重庆,2020/2/29,132
重庆,2020/2/3,326
重庆,2020/2/4,350
重庆,2020/2/5,372
重庆,2020/2/6,385
重庆,2020/2/7,393
重庆,2020/2/8,405
重庆,2020/2/9,415
重庆,2020/3/1,120
重庆,2020/3/10,23
重庆,2020/3/11,16
重庆,2020/3/12,6
重庆,2020/3/13,4
重庆,2020/3/14,1
重庆,2020/3/15,0
重庆,2020/3/16,0
重庆,2020/3/17,0
重庆,2020/3/18,0
重庆,2020/3/19,0
重庆,2020/3/2,101
重庆,2020/3/20,0
重庆,2020/3/21,0
重庆,2020/3/22,1
重庆,2020/3/23,2
重庆,2020/3/24,2
重庆,2020/3/25,2
重庆,2020/3/26,2
重庆,2020/3/27,2
重庆,2020/3/28,3
重庆,2020/3/29,3
重庆,2020/3/3,80
重庆,2020/3/30,3
重庆,2020/3/31,3
重庆,2020/3/4,68
重庆,2020/3/5,58
重庆,2020/3/6,50
重庆,2020/3/7,44
重庆,2020/3/8,43
重庆,2020/3/9,28
重庆,2020/4/1,3
重庆,2020/4/10,3
重庆,2020/4/11,3
重庆,2020/4/12,3
重庆,2020/4/13,3
重庆,2020/4/14,3
重庆,2020/4/15,3
重庆,2020/4/16,3
重庆,2020/4/17,3
重庆,2020/4/18,3
重庆,2020/4/19,3
重庆,2020/4/2,3
重庆,2020/4/20,3
重庆,2020/4/21,3
重庆,2020/4/22,3
重庆,2020/4/23,0
重庆,2020/4/24,0
重庆,2020/4/25,0
重庆,2020/4/26,0
重庆,2020/4/27,0
重庆,2020/4/28,0
重庆,2020/4/29,0
重庆,2020/4/3,3
重庆,2020/4/30,0
重庆,2020/4/4,3
重庆,2020/4/5,3
重庆,2020/4/6,3
重庆,2020/4/7,3
重庆,2020/4/8,3
重庆,2020/4/9,3
重庆,2020/5/1,0
重庆,2020/5/10,0
重庆,2020/5/11,0
重庆,2020/5/12,0
重庆,2020/5/13,0
重庆,2020/5/14,0
重庆,2020/5/15,0
重庆,2020/5/16,0
重庆,2020/5/17,0
重庆,2020/5/18,0
重庆,2020/5/19,0
重庆,2020/5/2,0
重庆,2020/5/20,0
重庆,2020/5/21,0
重庆,2020/5/22,0
重庆,2020/5/23,0
重庆,2020/5/24,0
重庆,2020/5/25,0
重庆,2020/5/26,0
重庆,2020/5/27,0
重庆,2020/5/28,0
重庆,2020/5/29,0
重庆,2020/5/3,0
重庆,2020/5/30,0
重庆,2020/5/31,0
重庆,2020/5/4,0
重庆,2020/5/5,0
重庆,2020/5/6,0
重庆,2020/5/7,0
重庆,2020/5/8,0
重庆,2020/5/9,0
重庆,2020/6/1,0
重庆,2020/6/10,0
重庆,2020/6/11,0
重庆,2020/6/12,0
重庆,2020/6/13,1
重庆,2020/6/14,3
重庆,2020/6/15,3
重庆,2020/6/16,3
重庆,2020/6/17,3
重庆,2020/6/18,3
重庆,2020/6/19,3
重庆,2020/6/2,0
重庆,2020/6/20,3
重庆,2020/6/21,3
重庆,2020/6/22,3
重庆,2020/6/23,3
重庆,2020/6/24,3
重庆,2020/6/25,3
重庆,2020/6/26,3
重庆,2020/6/27,3
重庆,2020/6/28,3
重庆,2020/6/29,3
重庆,2020/6/3,0
重庆,2020/6/30,3
重庆,2020/6/4,0
重庆,2020/6/5,0
重庆,2020/6/6,0
重庆,2020/6/7,0
重庆,2020/6/8,0
重庆,2020/6/9,0
陕西,2020/1/22,3
陕西,2020/1/23,5
陕西,2020/1/24,15
陕西,2020/1/25,22
陕西,2020/1/26,35
陕西,2020/1/27,46
陕西,2020/1/28,56
陕西,2020/1/29,63
陕西,2020/1/30,86
陕西,2020/1/31,101
陕西,2020/2/1,116
陕西,2020/2/10,188
陕西,2020/2/11,189
陕西,2020/2/12,187
陕西,2020/2/13,181
陕西,2020/2/14,179
陕西,2020/2/15,172
陕西,2020/2/16,166
陕西,2020/2/17,161
陕西,2020/2/18,153
陕西,2020/2/19,139
陕西,2020/2/2,128
陕西,2020/2/20,128
陕西,2020/2/21,106
陕西,2020/2/22,96
陕西,2020/2/23,89
陕西,2020/2/24,81
陕西,2020/2/25,70
陕西,2020/2/26,63
陕西,2020/2/27,60
陕西,2020/2/28,57
陕西,2020/2/29,38
陕西,2020/2/3,141
陕西,2020/2/4,163
陕西,2020/2/5,167
陕西,2020/2/6,173
陕西,2020/2/7,178
陕西,2020/2/8,188
陕西,2020/2/9,187
陕西,2020/3/1,37
陕西,2020/3/10,17
陕西,2020/3/11,11
陕西,2020/3/12,11
陕西,2020/3/13,11
陕西,2020/3/14,11
陕西,2020/3/15,11
陕西,2020/3/16,10
陕西,2020/3/17,7
陕西,2020/3/18,6
陕西,2020/3/19,6
陕西,2020/3/2,30
陕西,2020/3/20,8
陕西,2020/3/21,8
陕西,2020/3/22,8
陕西,2020/3/23,8
陕西,2020/3/24,9
陕西,2020/3/25,7
陕西,2020/3/26,8
陕西,2020/3/27,8
陕西,2020/3/28,8
陕西,2020/3/29,8
陕西,2020/3/3,30
陕西,2020/3/30,8
陕西,2020/3/31,10
陕西,2020/3/4,24
陕西,2020/3/5,20
陕西,2020/3/6,18
陕西,2020/3/7,18
陕西,2020/3/8,17
陕西,2020/3/9,17
陕西,2020/4/1,10
陕西,2020/4/10,5
陕西,2020/4/11,5
陕西,2020/4/12,5
陕西,2020/4/13,5
陕西,2020/4/14,2
陕西,2020/4/15,2
陕西,2020/4/16,1
陕西,2020/4/17,1
陕西,2020/4/18,1
陕西,2020/4/19,1
陕西,2020/4/2,8
陕西,2020/4/20,21
陕西,2020/4/21,23
陕西,2020/4/22,23
陕西,2020/4/23,23
陕西,2020/4/24,30
陕西,2020/4/25,30
陕西,2020/4/26,30
陕西,2020/4/27,50
陕西,2020/4/28,50
陕西,2020/4/29,50
陕西,2020/4/3,8
陕西,2020/4/30,49
陕西,2020/4/4,8
陕西,2020/4/5,7
陕西,2020/4/6,7
陕西,2020/4/7,7
陕西,2020/4/8,7
陕西,2020/4/9,7
陕西,2020/5/1,48
陕西,2020/5/10,11
陕西,2020/5/11,9
陕西,2020/5/12,8
陕西,2020/5/13,8
陕西,2020/5/14,5
陕西,2020/5/15,4
陕西,2020/5/16,4
陕西,2020/5/17,4
陕西,2020/5/18,2
陕西,2020/5/19,2
陕西,2020/5/2,43
陕西,2020/5/20,2
陕西,2020/5/21,2
陕西,2020/5/22,1
陕西,2020/5/23,0
陕西,2020/5/24,0
陕西,2020/5/25,0
陕西,2020/5/26,0
陕西,2020/5/27,0
陕西,2020/5/28,0
陕西,2020/5/29,0
陕西,2020/5/3,40
陕西,2020/5/30,0
陕西,2020/5/31,0
陕西,2020/5/4,40
陕西,2020/5/5,41
陕西,2020/5/6,39
陕西,2020/5/7,37
陕西,2020/5/8,13
陕西,2020/5/9,12
陕西,2020/6/1,1
陕西,2020/6/10,2
陕西,2020/6/11,2
陕西,2020/6/12,2
陕西,2020/6/13,4
陕西,2020/6/14,4
陕西,2020/6/15,4
陕西,2020/6/16,5
陕西,2020/6/17,5
陕西,2020/6/18,5
陕西,2020/6/19,5
陕西,2020/6/2,1
陕西,2020/6/20,7
陕西,2020/6/21,8
陕西,2020/6/22,7
陕西,2020/6/23,9
陕西,2020/6/24,9
陕西,2020/6/25,9
陕西,2020/6/26,9
陕西,2020/6/27,10
陕西,2020/6/28,10
陕西,2020/6/29,9
陕西,2020/6/3,1
陕西,2020/6/30,8
陕西,2020/6/4,1
陕西,2020/6/5,1
陕西,2020/6/6,3
陕西,2020/6/7,3
陕西,2020/6/8,3
陕西,2020/6/9,3
青海,2020/1/25,1
青海,2020/1/26,4
青海,2020/1/27,6
青海,2020/1/28,6
青海,2020/1/29,6
青海,2020/1/30,8
青海,2020/1/31,9
青海,2020/2/1,9
青海,2020/2/10,15
青海,2020/2/11,13
青海,2020/2/12,9
青海,2020/2/13,7
青海,2020/2/14,7
青海,2020/2/15,5
青海,2020/2/16,5
青海,2020/2/17,5
青海,2020/2/18,3
青海,2020/2/19,2
青海,2020/2/2,13
青海,2020/2/20,2
青海,2020/2/21,0
青海,2020/2/22,0
青海,2020/2/23,0
青海,2020/2/24,0
青海,2020/2/25,0
青海,2020/2/26,0
青海,2020/2/27,0
青海,2020/2/28,0
青海,2020/2/29,0
青海,2020/2/3,15
青海,2020/2/4,17
青海,2020/2/5,15
青海,2020/2/6,15
青海,2020/2/7,15
青海,2020/2/8,15
青海,2020/2/9,15
青海,2020/3/1,0
青海,2020/3/10,0
青海,2020/3/11,0
青海,2020/3/12,0
青海,2020/3/13,0
青海,2020/3/14,0
青海,2020/3/15,0
青海,2020/3/16,0
青海,2020/3/17,0
青海,2020/3/18,0
青海,2020/3/19,0
青海,2020/3/2,0
青海,2020/3/20,0
青海,2020/3/21,0
青海,2020/3/22,0
青海,2020/3/23,0
青海,2020/3/24,0
青海,2020/3/25,0
青海,2020/3/26,0
青海,2020/3/27,0
青海,2020/3/28,0
青海,2020/3/29,0
青海,2020/3/3,0
青海,2020/3/30,0
青海,2020/3/31,0
青海,2020/3/4,0
青海,2020/3/5,0
青海,2020/3/6,0
青海,2020/3/7,0
青海,2020/3/8,0
青海,2020/3/9,0
青海,2020/4/1,0
青海,2020/4/10,0
青海,2020/4/11,0
青海,2020/4/12,0
青海,2020/4/13,0
青海,2020/4/14,0
青海,2020/4/15,0
青海,2020/4/16,0
青海,2020/4/17,0
青海,2020/4/18,0
青海,2020/4/19,0
青海,2020/4/2,0
青海,2020/4/20,0
青海,2020/4/21,0
青海,2020/4/22,0
青海,2020/4/23,0
青海,2020/4/24,0
青海,2020/4/25,0
青海,2020/4/26,0
青海,2020/4/27,0
青海,2020/4/28,0
青海,2020/4/29,0
青海,2020/4/3,0
青海,2020/4/30,0
青海,2020/4/4,0
青海,2020/4/5,0
青海,2020/4/6,0
青海,2020/4/7,0
青海,2020/4/8,0
青海,2020/4/9,0
青海,2020/5/1,0
青海,2020/5/10,0
青海,2020/5/11,0
青海,2020/5/12,0
青海,2020/5/13,0
青海,2020/5/14,0
青海,2020/5/15,0
青海,2020/5/16,0
青海,2020/5/17,0
青海,2020/5/18,0
青海,2020/5/19,0
青海,2020/5/2,0
青海,2020/5/20,0
青海,2020/5/21,0
青海,2020/5/22,0
青海,2020/5/23,0
青海,2020/5/24,0
青海,2020/5/25,0
青海,2020/5/26,0
青海,2020/5/27,0
青海,2020/5/28,0
青海,2020/5/29,0
青海,2020/5/3,0
青海,2020/5/30,0
青海,2020/5/31,0
青海,2020/5/4,0
青海,2020/5/5,0
青海,2020/5/6,0
青海,2020/5/7,0
青海,2020/5/8,0
青海,2020/5/9,0
青海,2020/6/1,0
青海,2020/6/10,0
青海,2020/6/11,0
青海,2020/6/12,0
青海,2020/6/13,0
青海,2020/6/14,0
青海,2020/6/15,0
青海,2020/6/16,0
青海,2020/6/17,0
青海,2020/6/18,0
青海,2020/6/19,0
青海,2020/6/2,0
青海,2020/6/20,0
青海,2020/6/21,0
青海,2020/6/22,0
青海,2020/6/23,0
青海,2020/6/24,0
青海,2020/6/25,0
青海,2020/6/26,0
青海,2020/6/27,0
青海,2020/6/28,0
青海,2020/6/29,0
青海,2020/6/3,0
青海,2020/6/30,0
青海,2020/6/4,0
青海,2020/6/5,0
青海,2020/6/6,0
青海,2020/6/7,0
青海,2020/6/8,0
青海,2020/6/9,0
香港,2020/1/22,1
香港,2020/1/23,2
香港,2020/1/24,5
香港,2020/1/25,5
香港,2020/1/26,8
香港,2020/1/27,8
香港,2020/1/28,10
香港,2020/1/29,12
香港,2020/1/30,12
香港,2020/1/31,13
香港,2020/2/1,14
香港,2020/2/10,41
香港,2020/2/11,48
香港,2020/2/12,48
香港,2020/2/13,51
香港,2020/2/14,54
香港,2020/2/15,54
香港,2020/2/16,54
香港,2020/2/17,57
香港,2020/2/18,57
香港,2020/2/19,58
香港,2020/2/2,15
香港,2020/2/20,61
香港,2020/2/21,60
香港,2020/2/22,56
香港,2020/2/23,60
香港,2020/2/24,61
香港,2020/2/25,65
香港,2020/2/26,65
香港,2020/2/27,65
香港,2020/2/28,62
香港,2020/2/29,60
香港,2020/2/3,15
香港,2020/2/4,17
香港,2020/2/5,20
香港,2020/2/6,23
香港,2020/2/7,25
香港,2020/2/8,25
香港,2020/2/9,35
香港,2020/3/1,60
香港,2020/3/10,52
香港,2020/3/11,59
香港,2020/3/12,53
香港,2020/3/13,55
香港,2020/3/14,56
香港,2020/3/15,60
香港,2020/3/16,65
香港,2020/3/17,71
香港,2020/3/18,93
香港,2020/3/19,106
香港,2020/3/2,62
香港,2020/3/20,154
香港,2020/3/21,169
香港,2020/3/22,213
香港,2020/3/23,251
香港,2020/3/24,280
香港,2020/3/25,300
香港,2020/3/26,339
香港,2020/3/27,403
香港,2020/3/28,466
香港,2020/3/29,519
香港,2020/3/3,61
香港,2020/3/30,554
香港,2020/3/31,582
香港,2020/3/4,59
香港,2020/3/5,56
香港,2020/3/6,54
香港,2020/3/7,52
香港,2020/3/8,52
香港,2020/3/9,52
香港,2020/4/1,614
香港,2020/4/10,676
香港,2020/4/11,660
香港,2020/4/12,640
香港,2020/4/13,608
香港,2020/4/14,574
香港,2020/4/15,553
香港,2020/4/16,528
香港,2020/4/17,485
香港,2020/4/18,451
香港,2020/4/19,419
香港,2020/4/2,644
香港,2020/4/20,391
香港,2020/4/21,375
香港,2020/4/22,351
香港,2020/4/23,332
香港,2020/4/24,306
香港,2020/4/25,280
香港,2020/4/26,261
香港,2020/4/27,246
香港,2020/4/28,222
香港,2020/4/29,203
香港,2020/4/3,668
香港,2020/4/30,187
香港,2020/4/4,672
香港,2020/4/5,680
香港,2020/4/6,694
香港,2020/4/7,695
香港,2020/4/8,692
香港,2020/4/9,676
香港,2020/5/1,176
香港,2020/5/10,61
香港,2020/5/11,58
香港,2020/5/12,52
香港,2020/5/13,38
香港,2020/5/14,38
香港,2020/5/15,29
香港,2020/5/16,26
香港,2020/5/17,27
香港,2020/5/18,26
香港,2020/5/19,26
香港,2020/5/2,171
香港,2020/5/20,25
香港,2020/5/21,30
香港,2020/5/22,32
香港,2020/5/23,32
香港,2020/5/24,31
香港,2020/5/25,31
香港,2020/5/26,28
香港,2020/5/27,28
香港,2020/5/28,27
香港,2020/5/29,40
香港,2020/5/3,156
香港,2020/5/30,42
香港,2020/5/31,43
香港,2020/5/4,136
香港,2020/5/5,116
香港,2020/5/6,104
香港,2020/5/7,96
香港,2020/5/8,80
香港,2020/5/9,73
香港,2020/6/1,46
香港,2020/6/10,52
香港,2020/6/11,48
香港,2020/6/12,44
香港,2020/6/13,44
香港,2020/6/14,38
香港,2020/6/15,41
香港,2020/6/16,39
香港,2020/6/17,45
香港,2020/6/18,48
香港,2020/6/19,49
香港,2020/6/2,51
香港,2020/6/20,47
香港,2020/6/21,49
香港,2020/6/22,79
香港,2020/6/23,90
香港,2020/6/24,89
香港,2020/6/25,101
香港,2020/6/26,101
香港,2020/6/27,98
香港,2020/6/28,91
香港,2020/6/29,94
香港,2020/6/3,50
香港,2020/6/30,94
香港,2020/6/4,53
香港,2020/6/5,53
香港,2020/6/6,53
香港,2020/6/7,53
香港,2020/6/8,54
香港,2020/6/9,53
黑龙江,2020/1/22,2
黑龙江,2020/1/23,3
黑龙江,2020/1/24,8
黑龙江,2020/1/25,14
黑龙江,2020/1/26,20
黑龙江,2020/1/27,29
黑龙江,2020/1/28,36
黑龙江,2020/1/29,42
黑龙江,2020/1/30,57
黑龙江,2020/1/31,78
黑龙江,2020/2/1,91
黑龙江,2020/2/10,326
黑龙江,2020/2/11,343
黑龙江,2020/2/12,356
黑龙江,2020/2/13,371
黑龙江,2020/2/14,367
黑龙江,2020/2/15,365
黑龙江,2020/2/16,366
黑龙江,2020/2/17,368
黑龙江,2020/2/18,350
黑龙江,2020/2/19,341
黑龙江,2020/2/2,114
黑龙江,2020/2/20,326
黑龙江,2020/2/21,284
黑龙江,2020/2/22,253
黑龙江,2020/2/23,244
黑龙江,2020/2/24,236
黑龙江,2020/2/25,223
黑龙江,2020/2/26,205
黑龙江,2020/2/27,187
黑龙江,2020/2/28,172
黑龙江,2020/2/29,137
黑龙江,2020/2/3,151
黑龙江,2020/2/4,184
黑龙江,2020/2/5,217
黑龙江,2020/2/6,261
黑龙江,2020/2/7,268
黑龙江,2020/2/8,289
黑龙江,2020/2/9,310
黑龙江,2020/3/1,117
黑龙江,2020/3/10,34
黑龙江,2020/3/11,29
黑龙江,2020/3/12,23
黑龙江,2020/3/13,22
黑龙江,2020/3/14,16
黑龙江,2020/3/15,15
黑龙江,2020/3/16,13
黑龙江,2020/3/17,10
黑龙江,2020/3/18,10
黑龙江,2020/3/19,8
黑龙江,2020/3/2,109
黑龙江,2020/3/20,8
黑龙江,2020/3/21,6
黑龙江,2020/3/22,6
黑龙江,2020/3/23,3
黑龙江,2020/3/24,3
黑龙江,2020/3/25,2
黑龙江,2020/3/26,2
黑龙江,2020/3/27,2
黑龙江,2020/3/28,2
黑龙江,2020/3/29,2
黑龙江,2020/3/3,95
黑龙江,2020/3/30,2
黑龙江,2020/3/31,2
黑龙江,2020/3/4,89
黑龙江,2020/3/5,88
黑龙江,2020/3/6,66
黑龙江,2020/3/7,59
黑龙江,2020/3/8,47
黑龙江,2020/3/9,34
黑龙江,2020/4/1,6
黑龙江,2020/4/10,178
黑龙江,2020/4/11,201
黑龙江,2020/4/12,257
黑龙江,2020/4/13,336
黑龙江,2020/4/14,358
黑龙江,2020/4/15,377
黑龙江,2020/4/16,388
黑龙江,2020/4/17,407
黑龙江,2020/4/18,413
黑龙江,2020/4/19,420
黑龙江,2020/4/2,7
黑龙江,2020/4/20,425
黑龙江,2020/4/21,431
黑龙江,2020/4/22,427
黑龙江,2020/4/23,430
黑龙江,2020/4/24,409
黑龙江,2020/4/25,411
黑龙江,2020/4/26,367
黑龙江,2020/4/27,340
黑龙江,2020/4/28,339
黑龙江,2020/4/29,339
黑龙江,2020/4/3,9
黑龙江,2020/4/30,344
黑龙江,2020/4/4,22
黑龙江,2020/4/5,42
黑龙江,2020/4/6,62
黑龙江,2020/4/7,86
黑龙江,2020/4/8,126
黑龙江,2020/4/9,155
黑龙江,2020/5/1,327
黑龙江,2020/5/10,28
黑龙江,2020/5/11,8
黑龙江,2020/5/12,3
黑龙江,2020/5/13,2
黑龙江,2020/5/14,2
黑龙江,2020/5/15,1
黑龙江,2020/5/16,0
黑龙江,2020/5/17,0
黑龙江,2020/5/18,0
黑龙江,2020/5/19,0
黑龙江,2020/5/2,311
黑龙江,2020/5/20,0
黑龙江,2020/5/21,0
黑龙江,2020/5/22,0
黑龙江,2020/5/23,0
黑龙江,2020/5/24,0
黑龙江,2020/5/25,0
黑龙江,2020/5/26,0
黑龙江,2020/5/27,0
黑龙江,2020/5/28,0
黑龙江,2020/5/29,0
黑龙江,2020/5/3,274
黑龙江,2020/5/30,0
黑龙江,2020/5/31,0
黑龙江,2020/5/4,212
黑龙江,2020/5/5,173
黑龙江,2020/5/6,138
黑龙江,2020/5/7,116
黑龙江,2020/5/8,96
黑龙江,2020/5/9,41
黑龙江,2020/6/1,0
黑龙江,2020/6/10,0
黑龙江,2020/6/11,0
黑龙江,2020/6/12,0
黑龙江,2020/6/13,0
黑龙江,2020/6/14,0
黑龙江,2020/6/15,0
黑龙江,2020/6/16,0
黑龙江,2020/6/17,0
黑龙江,2020/6/18,0
黑龙江,2020/6/19,0
黑龙江,2020/6/2,0
黑龙江,2020/6/20,0
黑龙江,2020/6/21,0
黑龙江,2020/6/22,0
黑龙江,2020/6/23,0
黑龙江,2020/6/24,0
黑龙江,2020/6/25,0
黑龙江,2020/6/26,0
黑龙江,2020/6/27,0
黑龙江,2020/6/28,0
黑龙江,2020/6/29,0
黑龙江,2020/6/3,0
黑龙江,2020/6/30,0
黑龙江,2020/6/4,0
黑龙江,2020/6/5,0
黑龙江,2020/6/6,0
黑龙江,2020/6/7,0
黑龙江,2020/6/8,0
黑龙江,2020/6/9,0
